date,COMPANY_NAME,orders
2026-07-01,ABINITIO SOLUTIONS PRIVATE LIMITED,2
2026-07-01,ALPHAWALK SERVICES LLP,4
2026-07-01,ANSH SABHARWAL,99
2026-07-01,ARTI KAPOOR,449
2026-07-01,Aabhar Ventures Private Limited,1
2026-07-01,Amitva retail,2
2026-07-01,BEATFUS PRODUCTS PRIVATE LIMITED,3
2026-07-01,Belogical Wellness Private Limited,3
2026-07-01,Boenjoy Gifts,2
2026-07-01,DABSTER INTERNATIONAL PRIVATE LIMITED,7
2026-07-01,DYNAMIC MARKETTING SOLUTION,7
2026-07-01,Farm Fresco,1
2026-07-01,FitFeast,2
2026-07-01,Go5 Incorporation,37
2026-07-01,Goodveda Health Labs Pvt Ltd,1
2026-07-01,HITESH JAIN,20
2026-07-01,INAARA WELLNESS PRIVATE LIMITED,1
2026-07-01,In鈥檒ief,1
2026-07-01,J3J ECOM PRIVATE LIMITED,1
2026-07-01,JUGAL KANT SHARMA,5
2026-07-01,L avenour Lifestyle Private Limited,1
2026-07-01,MAYANK KWATRA,7
2026-07-01,Mahera Ejaz Ali Bandaly,1
2026-07-01,NAMMA DABBA PRIVATE LIMITED,18
2026-07-01,NISAR AHMED,2
2026-07-01,NUTS DELISH PRIVATE LIMITED,2
2026-07-01,PANDA,12
2026-07-01,PRAFFUL  BACHANI,2
2026-07-01,PRUSTLR FOODS PRIVATE LIMITED,1
2026-07-01,Ph91 Consumer Goods India Pvt Ltd,1
2026-07-01,RITI ARORA,13
2026-07-01,RedroomTechnology Private Limited,14
2026-07-01,Renu Kansal,2
2026-07-01,SAVANI DAYABEN,2
2026-07-01,SUPER CLONE ENTERPRISES (OPC) PRIVATE LIMITED,9
2026-07-01,ShopeeQ.com,151
2026-07-01,Sproutlife Foods Pvt ltd,17
2026-07-01,TEVOS PHARMACEUTICALS,1
2026-07-01,THE MIMEMA COMPANY,1
2026-07-01,Visage lines Personal Care Pvt Ltd,22
2026-07-01,WAYVEDA INDIA PRIVATE LIMITED,1
2026-07-01,ZENMAY JAI SINGH NEGI,1
2026-07-01,ZYNTRIX LIFESTYLE LLP,3
2026-07-02,ABINITIO SOLUTIONS PRIVATE LIMITED,2
2026-07-02,AKHILESH ARUN UNDIRWADE,1
2026-07-02,ALPHAWALK SERVICES LLP,7
2026-07-02,ANSH SABHARWAL,35
2026-07-02,ARTI KAPOOR,323
2026-07-02,Amitva retail,1
2026-07-02,Anand gift emporium,1
2026-07-02,BEATFUS PRODUCTS PRIVATE LIMITED,4
2026-07-02,Belogical Wellness Private Limited,3
2026-07-02,DABSTER INTERNATIONAL PRIVATE LIMITED,5
2026-07-02,DYNAMIC MARKETTING SOLUTION,3
2026-07-02,FONPECA PRODUCTS AND SERVICES PRIVATE LIMITED,1
2026-07-02,FitFeast,1
2026-07-02,GEMIES CONSUMER PRIVATE LIMITED,2
2026-07-02,Getsetwear Clothing,1
2026-07-02,Go5 Incorporation,41
2026-07-02,HITESH JAIN,32
2026-07-02,INAARA WELLNESS PRIVATE LIMITED,2
2026-07-02,J3J ECOM PRIVATE LIMITED,1
2026-07-02,JANESH AGRAWAL,2
2026-07-02,JUGAL KANT SHARMA,3
2026-07-02,MAYANK KWATRA,9
2026-07-02,NAMMA DABBA PRIVATE LIMITED,17
2026-07-02,NISAR AHMED,1
2026-07-02,NUTS DELISH PRIVATE LIMITED,2
2026-07-02,PANDA,9
2026-07-02,PrimeChoice,2
2026-07-02,RITI ARORA,2
2026-07-02,RedroomTechnology Private Limited,7
2026-07-02,Renu Kansal,1
2026-07-02,SAVANI DAYABEN,1
2026-07-02,SUPER CLONE ENTERPRISES (OPC) PRIVATE LIMITED,2
2026-07-02,ShopeeQ.com,151
2026-07-02,Sproutlife Foods Pvt ltd,10
2026-07-02,Urban Essentials India Pvt Ltd,1
2026-07-02,Vamanand technokraft pvt ltd,1
2026-07-02,Visage lines Personal Care Pvt Ltd,23
2026-07-02,WAYVEDA INDIA PRIVATE LIMITED,2
2026-07-02,ZENMAY JAI SINGH NEGI,2
2026-07-02,ZIBBRI INDIA PRIVATE LIMITED,2
2026-07-02,ZYNTRIX LIFESTYLE LLP,8
2026-07-03,ABINITIO SOLUTIONS PRIVATE LIMITED,1
2026-07-03,ALPHAWALK SERVICES LLP,4
2026-07-03,ANSH SABHARWAL,14
2026-07-03,APIC Inc.,1
2026-07-03,ARTI KAPOOR,389
2026-07-03,Aabhar Ventures Private Limited,1
2026-07-03,Amitva retail,1
2026-07-03,Anand gift emporium,4
2026-07-03,BEATFUS PRODUCTS PRIVATE LIMITED,1
2026-07-03,Belogical Wellness Private Limited,4
2026-07-03,DABSTER INTERNATIONAL PRIVATE LIMITED,10
2026-07-03,DHANTA WELLNESS PRIVATE LIMITED,1
2026-07-03,DYNAMIC MARKETTING SOLUTION,1
2026-07-03,ERD INFOTECH PRIVATE LIMITED,1
2026-07-03,FitFeast,1
2026-07-03,GEMIES CONSUMER PRIVATE LIMITED,1
2026-07-03,GUNIAA FASHIONS PVT LTD,1
2026-07-03,Getsetwear Clothing,2
2026-07-03,Go5 Incorporation,41
2026-07-03,HITESH JAIN,19
2026-07-03,In鈥檒ief,2
2026-07-03,JUGAL KANT SHARMA,1
2026-07-03,MAYANK KWATRA,12
2026-07-03,MPG BRANDS PRIVATE LIMITED,1
2026-07-03,NAMMA DABBA PRIVATE LIMITED,18
2026-07-03,NUTS DELISH PRIVATE LIMITED,1
2026-07-03,Now You Know Private Limited,1
2026-07-03,Order Status,1373
2026-07-03,PANDA,10
2026-07-03,RITI ARORA,12
2026-07-03,RedroomTechnology Private Limited,6
2026-07-03,SUPER CLONE ENTERPRISES (OPC) PRIVATE LIMITED,3
2026-07-03,ShopeeQ.com,151
2026-07-03,Sproutlife Foods Pvt ltd,11
2026-07-03,StarCap Wellness Private Limited,1
2026-07-03,THE HATKE,4
2026-07-03,TOM AND JERKY PRIVATE LIMITED,1
2026-07-03,The Snack Company,1
2026-07-03,Visage lines Personal Care Pvt Ltd,12
2026-07-03,ZIBBRI INDIA PRIVATE LIMITED,4
2026-07-03,ZYNTRIX LIFESTYLE LLP,5
2026-07-03,brillare science,1
2026-07-03,nPure Life Science Pvt Ltd,2
2026-07-04,ABINITIO SOLUTIONS PRIVATE LIMITED,3
2026-07-04,ALPHAWALK SERVICES LLP,8
2026-07-04,ANSH SABHARWAL,11
2026-07-04,ARTI KAPOOR,377
2026-07-04,Anand gift emporium,1
2026-07-04,BEATFUS PRODUCTS PRIVATE LIMITED,2
2026-07-04,Belogical Wellness Private Limited,3
2026-07-04,Boenjoy Gifts,1
2026-07-04,DABSTER INTERNATIONAL PRIVATE LIMITED,1
2026-07-04,DYNAMIC MARKETTING SOLUTION,3
2026-07-04,ERA Botanics,1
2026-07-04,EYEWEAR SOLUTIONS,2
2026-07-04,Getsetwear Clothing,5
2026-07-04,Go5 Incorporation,35
2026-07-04,HITESH JAIN,24
2026-07-04,Hammer,1
2026-07-04,Health Veda Organics,1
2026-07-04,JUGAL KANT SHARMA,5
2026-07-04,MAYANK KWATRA,2
2026-07-04,Mahera Ejaz Ali Bandaly,1
2026-07-04,NAMMA DABBA PRIVATE LIMITED,12
2026-07-04,Order Status,412
2026-07-04,PANDA,4
2026-07-04,PT INVENT INIDA PRIVATE LIMITED,1
2026-07-04,RITI ARORA,15
2026-07-04,RedroomTechnology Private Limited,2
2026-07-04,Renu Kansal,1
2026-07-04,SANATAN SANTARAM GUPTA,1
2026-07-04,SELECT BRANDS INTERNATIONAL PRIVATE LIMITED,1
2026-07-04,SUPER CLONE ENTERPRISES (OPC) PRIVATE LIMITED,2
2026-07-04,ShopeeQ.com,192
2026-07-04,Sproutlife Foods Pvt ltd,10
2026-07-04,THE HATKE,1
2026-07-04,Visage lines Personal Care Pvt Ltd,17
2026-07-04,ZENMAY JAI SINGH NEGI,1
2026-07-04,ZIBBRI INDIA PRIVATE LIMITED,1
2026-07-04,ZYNTRIX LIFESTYLE LLP,1
2026-07-04,nPure Life Science Pvt Ltd,1
2026-07-05,ABINITIO SOLUTIONS PRIVATE LIMITED,3
2026-07-05,AFTERTHOUGHT WELLNESS PRIVATE LIMITED,1
2026-07-05,ALPHAWALK SERVICES LLP,1
2026-07-05,ANSH SABHARWAL,7
2026-07-05,APIC Inc.,2
2026-07-05,ARTI KAPOOR,423
2026-07-05,ASQUARE FOOD & BEVERAGES PVT LTD,2
2026-07-05,Aabhar Ventures Private Limited,2
2026-07-05,Anand gift emporium,2
2026-07-05,BEATFUS PRODUCTS PRIVATE LIMITED,6
2026-07-05,Belogical Wellness Private Limited,4
2026-07-05,DABSTER INTERNATIONAL PRIVATE LIMITED,9
2026-07-05,DENZOUR NUTRITION PRIVATE LIMITED,1
2026-07-05,DYNAMIC MARKETTING SOLUTION,6
2026-07-05,GAVYAMART,1
2026-07-05,Go5 Incorporation,40
2026-07-05,HITESH JAIN,32
2026-07-05,Hammer,1
2026-07-05,Health Veda Organics,2
2026-07-05,INAARA WELLNESS PRIVATE LIMITED,1
2026-07-05,In鈥檒ief,1
2026-07-05,JUGAL KANT SHARMA,2
2026-07-05,MAYANK KWATRA,1
2026-07-05,Mahera Ejaz Ali Bandaly,1
2026-07-05,NAMMA DABBA PRIVATE LIMITED,13
2026-07-05,Order Status,62
2026-07-05,PANDA,7
2026-07-05,PrimeChoice,1
2026-07-05,RITI ARORA,8
2026-07-05,RedroomTechnology Private Limited,8
2026-07-05,SARDAR JI PAPAD WALE PRIVATE LIMITED,1
2026-07-05,SUPER CLONE ENTERPRISES (OPC) PRIVATE LIMITED,4
2026-07-05,ShopeeQ.com,162
2026-07-05,Sproutlife Foods Pvt ltd,12
2026-07-05,TEVOS PHARMACEUTICALS,1
2026-07-05,THE HATKE,2
2026-07-05,Urban Essentials India Pvt Ltd,1
2026-07-05,Vamanand technokraft pvt ltd,2
2026-07-05,Visage lines Personal Care Pvt Ltd,13
2026-07-05,ZAYDN SNEAKERS PRIVATE LIMITED,2
2026-07-05,ZENMAY JAI SINGH NEGI,1
2026-07-05,ZIBBRI INDIA PRIVATE LIMITED,1
2026-07-05,ZYNTRIX LIFESTYLE LLP,1
2026-07-06,AFTERTHOUGHT WELLNESS PRIVATE LIMITED,1
2026-07-06,ALPHAWALK SERVICES LLP,5
2026-07-06,ANSH SABHARWAL,1
2026-07-06,APIC Inc.,1
2026-07-06,ARTI KAPOOR,348
2026-07-06,AURO FRUIT AND NUT PRIVATE LIMITED,2
2026-07-06,Anand gift emporium,4
2026-07-06,BEATFUS PRODUCTS PRIVATE LIMITED,3
2026-07-06,Belogical Wellness Private Limited,3
2026-07-06,Boenjoy Gifts,1
2026-07-06,CAMPUSSUTRA RETAIL PRIVATE LIMITED,1
2026-07-06,DABSTER INTERNATIONAL PRIVATE LIMITED,3
2026-07-06,DYNAMIC MARKETTING SOLUTION,1
2026-07-06,EVOLVE SNACKS PRIVATE LIMITED,2
2026-07-06,GEEKVERSE VENTURES LLP,1
2026-07-06,GEMIES CONSUMER PRIVATE LIMITED,1
2026-07-06,Geeklane.in,1
2026-07-06,Getsetwear Clothing,1
2026-07-06,Go5 Incorporation,31
2026-07-06,HITESH JAIN,20
2026-07-06,HOUSE OF KIMTI CREATIONS PRIVATE LIMITED,1
2026-07-06,Hammer,3
2026-07-06,INAARA WELLNESS PRIVATE LIMITED,1
2026-07-06,In鈥檒ief,4
2026-07-06,JAMSFA SOLUTIONS PRIVATE LIMITED,1
2026-07-06,JANESH AGRAWAL,1
2026-07-06,JUGAL KANT SHARMA,4
2026-07-06,MAYANK KWATRA,4
2026-07-06,NAMMA DABBA PRIVATE LIMITED,13
2026-07-06,NUTS DELISH PRIVATE LIMITED,4
2026-07-06,Order Status,10
2026-07-06,PANDA,5
2026-07-06,PRAFFUL  BACHANI,1
2026-07-06,PT INVENT INIDA PRIVATE LIMITED,1
2026-07-06,Poptopia Foods Private Ltd,1
2026-07-06,QUICKCOM SOLUTIONS PRIVATE LIMITED,1
2026-07-06,RITI ARORA,4
2026-07-06,RX INFOTECH PRIVATE LIMITED,1
2026-07-06,RedroomTechnology Private Limited,4
2026-07-06,SUPER CLONE ENTERPRISES (OPC) PRIVATE LIMITED,1
2026-07-06,ShopeeQ.com,164
2026-07-06,Sproutlife Foods Pvt ltd,9
2026-07-06,THE HATKE,2
2026-07-06,Visage lines Personal Care Pvt Ltd,14
2026-07-06,ZIBBRI INDIA PRIVATE LIMITED,1
2026-07-06,ZYNTRIX LIFESTYLE LLP,3
2026-07-07,ABINITIO SOLUTIONS PRIVATE LIMITED,2
2026-07-07,ALPHAWALK SERVICES LLP,8
2026-07-07,ANSH SABHARWAL,5
2026-07-07,ARTI KAPOOR,404
2026-07-07,AURO FRUIT AND NUT PRIVATE LIMITED,1
2026-07-07,Aabhar Ventures Private Limited,1
2026-07-07,Amitva retail,3
2026-07-07,Anand gift emporium,1
2026-07-07,BEATFUS PRODUCTS PRIVATE LIMITED,1
2026-07-07,Belogical Wellness Private Limited,1
2026-07-07,Brantashop,1
2026-07-07,DABSTER INTERNATIONAL PRIVATE LIMITED,4
2026-07-07,DYNAMIC MARKETTING SOLUTION,6
2026-07-07,EYEWEAR SOLUTIONS,2
2026-07-07,Farm Fresco,1
2026-07-07,Flavour Sutra Private Limited,1
2026-07-07,GEMIES CONSUMER PRIVATE LIMITED,2
2026-07-07,Go5 Incorporation,35
2026-07-07,HITESH JAIN,27
2026-07-07,INAARA WELLNESS PRIVATE LIMITED,1
2026-07-07,In鈥檒ief,1
2026-07-07,JANESH AGRAWAL,1
2026-07-07,JUGAL KANT SHARMA,2
2026-07-07,LUNAER WORLD PRIVATE LIMITED,1
2026-07-07,MAYANK KWATRA,2
2026-07-07,NAMMA DABBA PRIVATE LIMITED,21
2026-07-07,NUTS DELISH PRIVATE LIMITED,2
2026-07-07,NextGen Ecom Solutions,1
2026-07-07,Order Status,11
2026-07-07,PANDA,3
2026-07-07,Panditata Research Technology,1
2026-07-07,QUICKCOM SOLUTIONS PRIVATE LIMITED,3
2026-07-07,RITI ARORA,7
2026-07-07,RedroomTechnology Private Limited,9
2026-07-07,Renu Kansal,3
2026-07-07,SAVANI DAYABEN,2
2026-07-07,SUPER CLONE ENTERPRISES (OPC) PRIVATE LIMITED,3
2026-07-07,ShopeeQ.com,191
2026-07-07,Sproutlife Foods Pvt ltd,18
2026-07-07,TEVOS PHARMACEUTICALS,1
2026-07-07,THE HATKE,8
2026-07-07,Vamanand technokraft pvt ltd,1
2026-07-07,Visage lines Personal Care Pvt Ltd,19
2026-07-07,ZENMAY JAI SINGH NEGI,2
2026-07-07,ZIBBRI INDIA PRIVATE LIMITED,2
2026-07-08,ALPHAWALK SERVICES LLP,6
2026-07-08,ANSH SABHARWAL,10
2026-07-08,ARTI KAPOOR,452
2026-07-08,AURO FRUIT AND NUT PRIVATE LIMITED,1
2026-07-08,Anand gift emporium,2
2026-07-08,BEATFUS PRODUCTS PRIVATE LIMITED,4
2026-07-08,BEVZILLA PRIVATE LIMITED,2
2026-07-08,BUILDOUT RETAIL PRIVATE LIMITED,1
2026-07-08,Belogical Wellness Private Limited,3
2026-07-08,DABSTER INTERNATIONAL PRIVATE LIMITED,4
2026-07-08,DHANTA WELLNESS PRIVATE LIMITED,1
2026-07-08,DYNAMIC MARKETTING SOLUTION,2
2026-07-08,EYEWEAR SOLUTIONS,1
2026-07-08,GEEKVERSE VENTURES LLP,3
2026-07-08,GO DESi MANDI PVT LTD,1
2026-07-08,Go5 Incorporation,44
2026-07-08,HITESH JAIN,38
2026-07-08,Hammer,1
2026-07-08,Health Veda Organics,1
2026-07-08,INLOOP STUDIO,1
2026-07-08,JANESH AGRAWAL,3
2026-07-08,JUGAL KANT SHARMA,2
2026-07-08,MAYANK KWATRA,3
2026-07-08,NAMMA DABBA PRIVATE LIMITED,18
2026-07-08,NOVATEOR RESEARCH LABORATORIES  LIMITED,1
2026-07-08,NUTS DELISH PRIVATE LIMITED,1
2026-07-08,Order Status,2285
2026-07-08,PANDA,9
2026-07-08,QUICKCOM SOLUTIONS PRIVATE LIMITED,1
2026-07-08,RITI ARORA,73
2026-07-08,RedroomTechnology Private Limited,8
2026-07-08,SAVANI DAYABEN,1
2026-07-08,SUPER CLONE ENTERPRISES (OPC) PRIVATE LIMITED,196
2026-07-08,ShopeeQ.com,190
2026-07-08,Silver Leaf Tea Pvt. Ltd.,1
2026-07-08,Sproutlife Foods Pvt ltd,23
2026-07-08,THE HATKE,1
2026-07-08,Visage lines Personal Care Pvt Ltd,11
2026-07-08,ZENMAY JAI SINGH NEGI,3
2026-07-08,ZIBBRI INDIA PRIVATE LIMITED,2
2026-07-08,ZYNTRIX LIFESTYLE LLP,1
2026-07-09,AFTERTHOUGHT WELLNESS PRIVATE LIMITED,1
2026-07-09,ALPHAWALK SERVICES LLP,2
2026-07-09,ANSH SABHARWAL,4
2026-07-09,ARTI KAPOOR,463
2026-07-09,ASQUARE FOOD & BEVERAGES PVT LTD,2
2026-07-09,AURO FRUIT AND NUT PRIVATE LIMITED,1
2026-07-09,Aabhar Ventures Private Limited,2
2026-07-09,Amitva retail,2
2026-07-09,Anand gift emporium,4
2026-07-09,BEATFUS PRODUCTS PRIVATE LIMITED,4
2026-07-09,BIOEXICON LABS PRIVATE LIMITED,1
2026-07-09,BellOPages.com,1
2026-07-09,Belogical Wellness Private Limited,3
2026-07-09,DABSTER INTERNATIONAL PRIVATE LIMITED,6
2026-07-09,DYNAMIC MARKETTING SOLUTION,7
2026-07-09,ERA Botanics,1
2026-07-09,ERD INFOTECH PRIVATE LIMITED,1
2026-07-09,EYEWEAR SOLUTIONS,1
2026-07-09,Ecofynd,1
2026-07-09,GEEKVERSE VENTURES LLP,5
2026-07-09,GEMIES CONSUMER PRIVATE LIMITED,1
2026-07-09,Go5 Incorporation,41
2026-07-09,HITESH JAIN,28
2026-07-09,Hammer,1
2026-07-09,INLOOP STUDIO,2
2026-07-09,JUGAL KANT SHARMA,1
2026-07-09,LUNAER WORLD PRIVATE LIMITED,1
2026-07-09,MAYANK KWATRA,5
2026-07-09,MPG BRANDS PRIVATE LIMITED,1
2026-07-09,Mahera Ejaz Ali Bandaly,1
2026-07-09,NAMMA DABBA PRIVATE LIMITED,18
2026-07-09,NATURE MANIA INDIA PRIVATE LIMITED,1
2026-07-09,NUTS DELISH PRIVATE LIMITED,1
2026-07-09,Order Status,556
2026-07-09,PANDA,12
2026-07-09,Pangln Retail Private Limited,1
2026-07-09,PrimeChoice,1
2026-07-09,QUICKCOM SOLUTIONS PRIVATE LIMITED,5
2026-07-09,RITI ARORA,18
2026-07-09,RedroomTechnology Private Limited,9
2026-07-09,Renu Kansal,1
2026-07-09,SANATAN SANTARAM GUPTA,1
2026-07-09,SAVANI DAYABEN,2
2026-07-09,SELECT BRANDS INTERNATIONAL PRIVATE LIMITED,2
2026-07-09,SUPER CLONE ENTERPRISES (OPC) PRIVATE LIMITED,46
2026-07-09,ShopeeQ.com,230
2026-07-09,Sproutlife Foods Pvt ltd,15
2026-07-09,THE HATKE,1
2026-07-09,Visage lines Personal Care Pvt Ltd,19
2026-07-09,Wet and Dry Personal Care Private Limited,1
2026-07-09,ZENMAY JAI SINGH NEGI,1
2026-07-09,ZIBBRI INDIA PRIVATE LIMITED,1
2026-07-09,ZYNTRIX LIFESTYLE LLP,2
2026-07-09,coral tree,2
2026-07-10,ALPHAWALK SERVICES LLP,4
2026-07-10,ANSH SABHARWAL,8
2026-07-10,ARTI KAPOOR,406
2026-07-10,ASQUARE FOOD & BEVERAGES PVT LTD,1
2026-07-10,Anand gift emporium,2
2026-07-10,Anveya Living Pvt. Ltd.,1
2026-07-10,BEATFUS PRODUCTS PRIVATE LIMITED,1
2026-07-10,Boenjoy Gifts,1
2026-07-10,DABSTER INTERNATIONAL PRIVATE LIMITED,12
2026-07-10,DYNAMIC MARKETTING SOLUTION,2
2026-07-10,ERD INFOTECH PRIVATE LIMITED,1
2026-07-10,EYEWEAR SOLUTIONS,1
2026-07-10,GAVYAMART,1
2026-07-10,GEMIES CONSUMER PRIVATE LIMITED,2
2026-07-10,Go5 Incorporation,37
2026-07-10,HITESH JAIN,32
2026-07-10,JANESH AGRAWAL,1
2026-07-10,KITSTERS,1
2026-07-10,MAYANK KWATRA,3
2026-07-10,MPG BRANDS PRIVATE LIMITED,1
2026-07-10,NAMMA DABBA PRIVATE LIMITED,16
2026-07-10,Order Status,547
2026-07-10,PANDA,11
2026-07-10,QUICKCOM SOLUTIONS PRIVATE LIMITED,12
2026-07-10,RITI ARORA,10
2026-07-10,RedroomTechnology Private Limited,6
2026-07-10,SELECT BRANDS INTERNATIONAL PRIVATE LIMITED,2
2026-07-10,SIRONA HYGIENE PRIVATE LIMITED,1
2026-07-10,SUPER CLONE ENTERPRISES (OPC) PRIVATE LIMITED,9
2026-07-10,ShopeeQ.com,203
2026-07-10,Sproutlife Foods Pvt ltd,21
2026-07-10,THE HATKE,1
2026-07-10,Urban Essentials India Pvt Ltd,1
2026-07-10,Visage lines Personal Care Pvt Ltd,28
2026-07-10,ZIBBRI INDIA PRIVATE LIMITED,5
2026-07-10,coral tree,1
2026-07-10,nPure Life Science Pvt Ltd,1
2026-07-11,ALPHAWALK SERVICES LLP,6
2026-07-11,ANSH SABHARWAL,11
2026-07-11,APIC Inc.,1
2026-07-11,ARTI KAPOOR,396
2026-07-11,AZURETALE PRIVATE LIMITED,1
2026-07-11,Aabhar Ventures Private Limited,1
2026-07-11,BEATFUS PRODUCTS PRIVATE LIMITED,1
2026-07-11,Belogical Wellness Private Limited,4
2026-07-11,Boenjoy Gifts,1
2026-07-11,CAMPUSSUTRA RETAIL PRIVATE LIMITED,1
2026-07-11,DABSTER INTERNATIONAL PRIVATE LIMITED,4
2026-07-11,DEALCLIQ TECHNOLOGY PRIVATE LIMITED,2
2026-07-11,DYNAMIC MARKETTING SOLUTION,1
2026-07-11,ELITE LIFESTYLE,1
2026-07-11,GEEKVERSE VENTURES LLP,1
2026-07-11,GEMIES CONSUMER PRIVATE LIMITED,5
2026-07-11,Go5 Incorporation,32
2026-07-11,HITESH JAIN,31
2026-07-11,HOUSE OF KIMTI CREATIONS PRIVATE LIMITED,1
2026-07-11,Hammer,1
2026-07-11,In鈥檒ief,2
2026-07-11,JANESH AGRAWAL,1
2026-07-11,JUGAL KANT SHARMA,1
2026-07-11,MAYANK KWATRA,5
2026-07-11,Mahera Ejaz Ali Bandaly,1
2026-07-11,NAMMA DABBA PRIVATE LIMITED,16
2026-07-11,NUTS DELISH PRIVATE LIMITED,2
2026-07-11,Order Status,301
2026-07-11,PANDA,6
2026-07-11,QUICKCOM SOLUTIONS PRIVATE LIMITED,1
2026-07-11,RITI ARORA,375
2026-07-11,RedroomTechnology Private Limited,7
2026-07-11,SELECT BRANDS INTERNATIONAL PRIVATE LIMITED,1
2026-07-11,SUPER CLONE ENTERPRISES (OPC) PRIVATE LIMITED,8
2026-07-11,ShopeeQ.com,154
2026-07-11,Sproutlife Foods Pvt ltd,16
2026-07-11,Visage lines Personal Care Pvt Ltd,29
2026-07-11,WAYVEDA INDIA PRIVATE LIMITED,1
2026-07-11,ZENMAY JAI SINGH NEGI,3
2026-07-11,ZIBBRI INDIA PRIVATE LIMITED,2
2026-07-11,medaayura foods pvt ltd,1
2026-07-12,ALPHAWALK SERVICES LLP,3
2026-07-12,ANSH SABHARWAL,7
2026-07-12,ARTI KAPOOR,395
2026-07-12,AURO FRUIT AND NUT PRIVATE LIMITED,4
2026-07-12,Aabhar Ventures Private Limited,1
2026-07-12,Ashok Batra,1
2026-07-12,BEATFUS PRODUCTS PRIVATE LIMITED,3
2026-07-12,BEVZILLA PRIVATE LIMITED,1
2026-07-12,Belogical Wellness Private Limited,1
2026-07-12,DABSTER INTERNATIONAL PRIVATE LIMITED,6
2026-07-12,DYNAMIC MARKETTING SOLUTION,5
2026-07-12,ERA Botanics,1
2026-07-12,ERD INFOTECH PRIVATE LIMITED,1
2026-07-12,FitFeast,1
2026-07-12,GEEKVERSE VENTURES LLP,1
2026-07-12,GEMIES CONSUMER PRIVATE LIMITED,2
2026-07-12,Girveda,1
2026-07-12,Go5 Incorporation,48
2026-07-12,HITESH JAIN,31
2026-07-12,In鈥檒ief,3
2026-07-12,JANESH AGRAWAL,2
2026-07-12,JUGAL KANT SHARMA,2
2026-07-12,Lujotrends pvt ltd,1
2026-07-12,MAYANK KWATRA,3
2026-07-12,Mahera Ejaz Ali Bandaly,1
2026-07-12,NAMMA DABBA PRIVATE LIMITED,19
2026-07-12,NATURE MANIA INDIA PRIVATE LIMITED,3
2026-07-12,NINAD PRALHAD PEDNEKAR,1
2026-07-12,NUTS DELISH PRIVATE LIMITED,1
2026-07-12,ONETAIL BRANDS TECHNOLOGIES PRIVATE LIMITED,1
2026-07-12,Order Status,907
2026-07-12,PANDA,11
2026-07-12,Ph91 Consumer Goods India Pvt Ltd,1
2026-07-12,RITI ARORA,25
2026-07-12,RX INFOTECH PRIVATE LIMITED,1
2026-07-12,Rawls Essential,1
2026-07-12,RedroomTechnology Private Limited,4
2026-07-12,SANATAN SANTARAM GUPTA,1
2026-07-12,SELECT BRANDS INTERNATIONAL PRIVATE LIMITED,1
2026-07-12,SIXTY9 SOLUTIONS PRIVATE LIMITED,1
2026-07-12,SUPER CLONE ENTERPRISES (OPC) PRIVATE LIMITED,2
2026-07-12,ShopeeQ.com,181
2026-07-12,Sproutlife Foods Pvt ltd,16
2026-07-12,Visage lines Personal Care Pvt Ltd,22
2026-07-12,WAYVEDA INDIA PRIVATE LIMITED,1
2026-07-12,ZIBBRI INDIA PRIVATE LIMITED,4
2026-07-12,ZYNTRIX LIFESTYLE LLP,1
2026-07-12,brillare science,1
2026-07-12,frogg international,1
2026-07-12,nPure Life Science Pvt Ltd,1
2026-07-13,ALPHAWALK SERVICES LLP,3
2026-07-13,ANSH SABHARWAL,14
2026-07-13,ARTI KAPOOR,456
2026-07-13,Amitva retail,2
2026-07-13,BEATFUS PRODUCTS PRIVATE LIMITED,4
2026-07-13,BUILDOUT RETAIL PRIVATE LIMITED,1
2026-07-13,Boenjoy Gifts,2
2026-07-13,DABSTER INTERNATIONAL PRIVATE LIMITED,7
2026-07-13,DINESH GOYAL,1
2026-07-13,DYNAMIC MARKETTING SOLUTION,6
2026-07-13,EVOLVE SNACKS PRIVATE LIMITED,1
2026-07-13,GEEKVERSE VENTURES LLP,1
2026-07-13,GEMIES CONSUMER PRIVATE LIMITED,1
2026-07-13,Go5 Incorporation,37
2026-07-13,HITESH JAIN,31
2026-07-13,Hammer,1
2026-07-13,In鈥檒ief,3
2026-07-13,J3J ECOM PRIVATE LIMITED,1
2026-07-13,MAYANK KWATRA,2
2026-07-13,MPG BRANDS PRIVATE LIMITED,1
2026-07-13,Man-Solid by Eqraa Corporation LLP,1
2026-07-13,NAMMA DABBA PRIVATE LIMITED,17
2026-07-13,NUTS DELISH PRIVATE LIMITED,10
2026-07-13,Order Status,75
2026-07-13,PANDA,13
2026-07-13,Ph91 Consumer Goods India Pvt Ltd,1
2026-07-13,QUICKCOM SOLUTIONS PRIVATE LIMITED,4
2026-07-13,RITI ARORA,152
2026-07-13,RedroomTechnology Private Limited,2
2026-07-13,Ren Lifestyle Solutions Pvt Ltd.,1
2026-07-13,Renu Kansal,3
2026-07-13,SANATAN SANTARAM GUPTA,1
2026-07-13,SAVANI DAYABEN,1
2026-07-13,SUPER CLONE ENTERPRISES (OPC) PRIVATE LIMITED,4
2026-07-13,SURBHI  JAIN,1
2026-07-13,ShopeeQ.com,153
2026-07-13,Sproutlife Foods Pvt ltd,17
2026-07-13,TEVOS PHARMACEUTICALS,1
2026-07-13,Visage lines Personal Care Pvt Ltd,25
2026-07-13,ZIBBRI INDIA PRIVATE LIMITED,4
2026-07-13,ZYNTRIX LIFESTYLE LLP,1
2026-07-13,brillare science,1
2026-07-13,looploom,1
2026-07-13,nPure Life Science Pvt Ltd,1
2026-07-14,ALPHAWALK SERVICES LLP,5
2026-07-14,ANSH SABHARWAL,32
2026-07-14,ARTI KAPOOR,477
2026-07-14,Amitva retail,2
2026-07-14,Anand gift emporium,1
2026-07-14,BEATFUS PRODUCTS PRIVATE LIMITED,5
2026-07-14,DABSTER INTERNATIONAL PRIVATE LIMITED,5
2026-07-14,DYNAMIC MARKETTING SOLUTION,5
2026-07-14,ERD INFOTECH PRIVATE LIMITED,1
2026-07-14,GEMIES CONSUMER PRIVATE LIMITED,2
2026-07-14,Go5 Incorporation,32
2026-07-14,HITESH JAIN,28
2026-07-14,Hammer,1
2026-07-14,In鈥檒ief,2
2026-07-14,Lili Origin Private Limited,1
2026-07-14,MAYANK KWATRA,6
2026-07-14,Mahera Ejaz Ali Bandaly,1
2026-07-14,NAMMA DABBA PRIVATE LIMITED,24
2026-07-14,NATURE MANIA INDIA PRIVATE LIMITED,1
2026-07-14,NUTS DELISH PRIVATE LIMITED,1
2026-07-14,Order Status,51
2026-07-14,PANDA,3
2026-07-14,QUICKCOM SOLUTIONS PRIVATE LIMITED,6
2026-07-14,RITI ARORA,33
2026-07-14,RedroomTechnology Private Limited,8
2026-07-14,Renu Kansal,4
2026-07-14,SAVANI DAYABEN,1
2026-07-14,SIXTY9 SOLUTIONS PRIVATE LIMITED,1
2026-07-14,SUPER CLONE ENTERPRISES (OPC) PRIVATE LIMITED,3
2026-07-14,ShopeeQ.com,167
2026-07-14,Sproutlife Foods Pvt ltd,19
2026-07-14,THE HATKE,2
2026-07-14,Urban Essentials India Pvt Ltd,1
2026-07-14,Visage lines Personal Care Pvt Ltd,30
2026-07-14,ZENMAY JAI SINGH NEGI,1
2026-07-14,ZIBBRI INDIA PRIVATE LIMITED,3
2026-07-14,ZYNTRIX LIFESTYLE LLP,1
2026-07-14,nPure Life Science Pvt Ltd,1
2026-07-15,ALPHAWALK SERVICES LLP,6
2026-07-15,ANSH SABHARWAL,23
2026-07-15,APIC Inc.,1
2026-07-15,ARTI KAPOOR,433
2026-07-15,ASQUARE FOOD & BEVERAGES PVT LTD,1
2026-07-15,AZURETALE PRIVATE LIMITED,1
2026-07-15,Anand gift emporium,1
2026-07-15,BEATFUS PRODUCTS PRIVATE LIMITED,7
2026-07-15,DABSTER INTERNATIONAL PRIVATE LIMITED,7
2026-07-15,DINESH GOYAL,1
2026-07-15,DYNAMIC MARKETTING SOLUTION,1
2026-07-15,ERD INFOTECH PRIVATE LIMITED,1
2026-07-15,FitFeast,1
2026-07-15,GEEKVERSE VENTURES LLP,1
2026-07-15,GEMIES CONSUMER PRIVATE LIMITED,1
2026-07-15,Geeklane.in,1
2026-07-15,Go5 Incorporation,30
2026-07-15,HITESH JAIN,36
2026-07-15,Hammer,1
2026-07-15,Health Veda Organics,1
2026-07-15,JUGAL KANT SHARMA,1
2026-07-15,LOVE EARTH PVT LTD,1
2026-07-15,LUNAER WORLD PRIVATE LIMITED,2
2026-07-15,MAYANK KWATRA,4
2026-07-15,NAMMA DABBA PRIVATE LIMITED,22
2026-07-15,Order Status,11
2026-07-15,PANDA,9
2026-07-15,QUICKCOM SOLUTIONS PRIVATE LIMITED,5
2026-07-15,RITI ARORA,14
2026-07-15,RedroomTechnology Private Limited,9
2026-07-15,Renu Kansal,1
2026-07-15,SAVANI DAYABEN,1
2026-07-15,SUPER CLONE ENTERPRISES (OPC) PRIVATE LIMITED,7
2026-07-15,SURBHI  JAIN,1
2026-07-15,ShopeeQ.com,191
2026-07-15,Sproutlife Foods Pvt ltd,19
2026-07-15,Visage lines Personal Care Pvt Ltd,79
2026-07-15,WILD CHILD ENTERPRISES PRIVATE LIMITED,1
2026-07-15,ZAYDN SNEAKERS PRIVATE LIMITED,1
2026-07-15,ZENMAY JAI SINGH NEGI,1
2026-07-15,ZIBBRI INDIA PRIVATE LIMITED,1
2026-07-15,ZYNTRIX LIFESTYLE LLP,2
2026-07-15,coral tree,1
2026-07-16,ALPHAWALK SERVICES LLP,3
2026-07-16,ANSH SABHARWAL,41
2026-07-16,ARTI KAPOOR,640
2026-07-16,ASQUARE FOOD & BEVERAGES PVT LTD,1
2026-07-16,AURO FRUIT AND NUT PRIVATE LIMITED,1
2026-07-16,Anand gift emporium,1
2026-07-16,BEATFUS PRODUCTS PRIVATE LIMITED,6
2026-07-16,DABSTER INTERNATIONAL PRIVATE LIMITED,11
2026-07-16,DYNAMIC MARKETTING SOLUTION,4
2026-07-16,ERD INFOTECH PRIVATE LIMITED,1
2026-07-16,FitFeast,1
2026-07-16,GEMIES CONSUMER PRIVATE LIMITED,1
2026-07-16,Geeklane.in,1
2026-07-16,Go5 Incorporation,29
2026-07-16,HITESH JAIN,46
2026-07-16,Hammer,1
2026-07-16,Health Veda Organics,1
2026-07-16,Herbal Mitra,1
2026-07-16,In鈥檒ief,3
2026-07-16,J3J ECOM PRIVATE LIMITED,1
2026-07-16,JUGAL KANT SHARMA,1
2026-07-16,MAYANK KWATRA,11
2026-07-16,MPG BRANDS PRIVATE LIMITED,1
2026-07-16,NAMMA DABBA PRIVATE LIMITED,23
2026-07-16,NUTS DELISH PRIVATE LIMITED,2
2026-07-16,Order Status,16
2026-07-16,PANDA,9
2026-07-16,QUICKCOM SOLUTIONS PRIVATE LIMITED,5
2026-07-16,RITI ARORA,5
2026-07-16,RedroomTechnology Private Limited,6
2026-07-16,Ren Lifestyle Solutions Pvt Ltd.,1
2026-07-16,SAVANI DAYABEN,3
2026-07-16,SELECT BRANDS INTERNATIONAL PRIVATE LIMITED,1
2026-07-16,SHREE SURJAL MATA MARKETING PRIVATE LIMITED,1
2026-07-16,SUPER CLONE ENTERPRISES (OPC) PRIVATE LIMITED,5
2026-07-16,ShopeeQ.com,213
2026-07-16,Sproutlife Foods Pvt ltd,18
2026-07-16,The Snack Company,1
2026-07-16,Tinkerbell Magical Solution LLP,1
2026-07-16,Visage lines Personal Care Pvt Ltd,45
2026-07-16,WAYVEDA INDIA PRIVATE LIMITED,1
2026-07-16,ZYNTRIX LIFESTYLE LLP,1
2026-07-16,brillare science,1
2026-07-16,servdharm,3
2026-07-17,ACWO LIFESTYLE PRIVATE LIMITED,1
2026-07-17,ALPHAWALK SERVICES LLP,9
2026-07-17,ANSH SABHARWAL,59
2026-07-17,ARTI KAPOOR,476
2026-07-17,BEATFUS PRODUCTS PRIVATE LIMITED,6
2026-07-17,DABSTER INTERNATIONAL PRIVATE LIMITED,6
2026-07-17,DEALCLIQ TECHNOLOGY PRIVATE LIMITED,3
2026-07-17,DYNAMIC MARKETTING SOLUTION,10
2026-07-17,EYEWEAR SOLUTIONS,1
2026-07-17,FitFeast,1
2026-07-17,GEEKVERSE VENTURES LLP,1
2026-07-17,GEMIES CONSUMER PRIVATE LIMITED,1
2026-07-17,Go5 Incorporation,24
2026-07-17,HITESH JAIN,39
2026-07-17,Hammer,1
2026-07-17,JANESH AGRAWAL,1
2026-07-17,JUGAL KANT SHARMA,1
2026-07-17,KUNSH COSMETICS,1
2026-07-17,LUNAER WORLD PRIVATE LIMITED,1
2026-07-17,MAYANK KWATRA,9
2026-07-17,Man-Solid by Eqraa Corporation LLP,3
2026-07-17,NAMMA DABBA PRIVATE LIMITED,19
2026-07-17,NUTS DELISH PRIVATE LIMITED,3
2026-07-17,Order Status,141
2026-07-17,PANDA,6
2026-07-17,PUJAN HARSHADBHAI DAVE,1
2026-07-17,QUICKCOM SOLUTIONS PRIVATE LIMITED,11
2026-07-17,RITI ARORA,151
2026-07-17,RedroomTechnology Private Limited,4
2026-07-17,SAVANI DAYABEN,2
2026-07-17,SUPER CLONE ENTERPRISES (OPC) PRIVATE LIMITED,12
2026-07-17,ShopeeQ.com,173
2026-07-17,Sproutlife Foods Pvt ltd,18
2026-07-17,Visage lines Personal Care Pvt Ltd,31
2026-07-17,WAYVEDA INDIA PRIVATE LIMITED,1
2026-07-17,ZAYDN SNEAKERS PRIVATE LIMITED,1
2026-07-17,ZIBBRI INDIA PRIVATE LIMITED,3
2026-07-17,ZYNTRIX LIFESTYLE LLP,1
2026-07-17,coral tree,1
2026-07-18,ALPHAWALK SERVICES LLP,7
2026-07-18,ANSH SABHARWAL,46
2026-07-18,APIC Inc.,1
2026-07-18,ARTI KAPOOR,405
2026-07-18,Aabhar Ventures Private Limited,1
2026-07-18,BEATFUS PRODUCTS PRIVATE LIMITED,1
2026-07-18,DABSTER INTERNATIONAL PRIVATE LIMITED,7
2026-07-18,DEALCLIQ TECHNOLOGY PRIVATE LIMITED,1
2026-07-18,DYNAMIC MARKETTING SOLUTION,2
2026-07-18,Go5 Incorporation,21
2026-07-18,HITESH JAIN,24
2026-07-18,HOUSE OF KIMTI CREATIONS PRIVATE LIMITED,1
2026-07-18,Hammer,2
2026-07-18,Health Veda Organics,1
2026-07-18,In鈥檒ief,1
2026-07-18,JUGAL KANT SHARMA,1
2026-07-18,MAYANK KWATRA,2
2026-07-18,NAMMA DABBA PRIVATE LIMITED,22
2026-07-18,NILU'S COLLECTION FASHION PRIVATE LIMITED,1
2026-07-18,NUTS DELISH PRIVATE LIMITED,2
2026-07-18,Nuworld Retail Private Limited,1
2026-07-18,Order Status,32
2026-07-18,PANDA,11
2026-07-18,Parista Foods,1
2026-07-18,QUICKCOM SOLUTIONS PRIVATE LIMITED,4
2026-07-18,RITI ARORA,10
2026-07-18,RedroomTechnology Private Limited,7
2026-07-18,SAVANI DAYABEN,5
2026-07-18,SUPER CLONE ENTERPRISES (OPC) PRIVATE LIMITED,15
2026-07-18,ShopeeQ.com,193
2026-07-18,Sproutlife Foods Pvt ltd,13
2026-07-18,TRU NATIVE F&B PRIVATE LIMITED,1
2026-07-18,Tempt Smart Private Limited,1
2026-07-18,Visage lines Personal Care Pvt Ltd,40
2026-07-18,WAYVEDA INDIA PRIVATE LIMITED,1
2026-07-18,ZIBBRI INDIA PRIVATE LIMITED,1
2026-07-18,ZYNTRIX LIFESTYLE LLP,1
2026-07-18,nPure Life Science Pvt Ltd,2
2026-07-19,ALPHAWALK SERVICES LLP,5
2026-07-19,ANSH SABHARWAL,25
2026-07-19,ARTI KAPOOR,443
2026-07-19,AURO FRUIT AND NUT PRIVATE LIMITED,2
2026-07-19,Anand gift emporium,1
2026-07-19,BEATFUS PRODUCTS PRIVATE LIMITED,3
2026-07-19,BEVZILLA PRIVATE LIMITED,2
2026-07-19,Boenjoy Gifts,1
2026-07-19,DABSTER INTERNATIONAL PRIVATE LIMITED,6
2026-07-19,DYNAMIC MARKETTING SOLUTION,3
2026-07-19,GEMIES CONSUMER PRIVATE LIMITED,1
2026-07-19,Go5 Incorporation,25
2026-07-19,HITESH JAIN,41
2026-07-19,In鈥檒ief,3
2026-07-19,JUGAL KANT SHARMA,4
2026-07-19,Klean Gypsy,1
2026-07-19,LUNAER WORLD PRIVATE LIMITED,1
2026-07-19,MAYANK KWATRA,5
2026-07-19,MPG BRANDS PRIVATE LIMITED,1
2026-07-19,NAMMA DABBA PRIVATE LIMITED,22
2026-07-19,NOVATEOR RESEARCH LABORATORIES  LIMITED,1
2026-07-19,NUTS DELISH PRIVATE LIMITED,1
2026-07-19,Nuworld Retail Private Limited,1
2026-07-19,Order Status,6
2026-07-19,PANDA,6
2026-07-19,Panditata Research Technology,1
2026-07-19,Ph91 Consumer Goods India Pvt Ltd,1
2026-07-19,QUICKCOM SOLUTIONS PRIVATE LIMITED,4
2026-07-19,RITI ARORA,30
2026-07-19,RedroomTechnology Private Limited,6
2026-07-19,SAVANI DAYABEN,2
2026-07-19,SELECT BRANDS INTERNATIONAL PRIVATE LIMITED,1
2026-07-19,SUPER CLONE ENTERPRISES (OPC) PRIVATE LIMITED,184
2026-07-19,ShopeeQ.com,142
2026-07-19,Sproutlife Foods Pvt ltd,16
2026-07-19,The Snack Company,2
2026-07-19,Tinkerbell Magical Solution LLP,1
2026-07-19,Visage lines Personal Care Pvt Ltd,33
2026-07-19,ZIBBRI INDIA PRIVATE LIMITED,3
2026-07-19,bachchaparty.in,1
2026-07-19,coral tree,2
2026-07-19,nPure Life Science Pvt Ltd,1
2026-07-20,AKHILESH ARUN UNDIRWADE,1
2026-07-20,ALPHAWALK SERVICES LLP,6
2026-07-20,ANSH SABHARWAL,17
2026-07-20,ARTI KAPOOR,407
2026-07-20,AURO FRUIT AND NUT PRIVATE LIMITED,2
2026-07-20,Anand gift emporium,1
2026-07-20,BEVZILLA PRIVATE LIMITED,1
2026-07-20,DABSTER INTERNATIONAL PRIVATE LIMITED,11
2026-07-20,DYNAMIC MARKETTING SOLUTION,1
2026-07-20,EVOLVE SNACKS PRIVATE LIMITED,1
2026-07-20,GEEKVERSE VENTURES LLP,2
2026-07-20,GEMIES CONSUMER PRIVATE LIMITED,2
2026-07-20,GLAM21 COSMETICS,1
2026-07-20,Go5 Incorporation,36
2026-07-20,HALEWOOD LABORATORIES PRIVATE LIMITED,1
2026-07-20,HITESH JAIN,33
2026-07-20,Hammer,4
2026-07-20,In鈥檒ief,2
2026-07-20,JANESH AGRAWAL,1
2026-07-20,L avenour Lifestyle Private Limited,1
2026-07-20,MAYANK KWATRA,2
2026-07-20,MPG BRANDS PRIVATE LIMITED,1
2026-07-20,NAMMA DABBA PRIVATE LIMITED,31
2026-07-20,Nuworld Retail Private Limited,1
2026-07-20,Order Status,11
2026-07-20,PANDA,5
2026-07-20,QUICKCOM SOLUTIONS PRIVATE LIMITED,6
2026-07-20,RITI ARORA,19
2026-07-20,RedroomTechnology Private Limited,3
2026-07-20,SAVANI DAYABEN,1
2026-07-20,SIXTY9 SOLUTIONS PRIVATE LIMITED,1
2026-07-20,SUPER CLONE ENTERPRISES (OPC) PRIVATE LIMITED,60
2026-07-20,ShopeeQ.com,181
2026-07-20,Sproutlife Foods Pvt ltd,23
2026-07-20,TEVOS PHARMACEUTICALS,1
2026-07-20,The Snack Company,1
2026-07-20,Visage lines Personal Care Pvt Ltd,46
2026-07-20,ZENMAY JAI SINGH NEGI,1
2026-07-20,ZIBBRI INDIA PRIVATE LIMITED,1
2026-07-20,ZYNTRIX LIFESTYLE LLP,2
2026-07-20,brillare science,2
2026-07-20,nPure Life Science Pvt Ltd,1
2026-07-21,ALPHAWALK SERVICES LLP,5
2026-07-21,ANSH SABHARWAL,21
2026-07-21,APIC Inc.,1
2026-07-21,ARTI KAPOOR,305
2026-07-21,BEATFUS PRODUCTS PRIVATE LIMITED,1
2026-07-21,BIOEXICON LABS PRIVATE LIMITED,1
2026-07-21,BellOPages.com,1
2026-07-21,DABSTER INTERNATIONAL PRIVATE LIMITED,5
2026-07-21,DYNAMIC MARKETTING SOLUTION,4
2026-07-21,Geeklane.in,1
2026-07-21,Go5 Incorporation,44
2026-07-21,HITESH JAIN,22
2026-07-21,Hammer,3
2026-07-21,Health Veda Organics,1
2026-07-21,JUGAL KANT SHARMA,3
2026-07-21,MAYANK KWATRA,1
2026-07-21,NAMMA DABBA PRIVATE LIMITED,23
2026-07-21,NATURE MANIA INDIA PRIVATE LIMITED,1
2026-07-21,Order Status,37
2026-07-21,PANDA,3
2026-07-21,QUICKCOM SOLUTIONS PRIVATE LIMITED,3
2026-07-21,RITI ARORA,73
2026-07-21,RedroomTechnology Private Limited,4
2026-07-21,Ren Lifestyle Solutions Pvt Ltd.,1
2026-07-21,SAVANI DAYABEN,3
2026-07-21,SUPER CLONE ENTERPRISES (OPC) PRIVATE LIMITED,15
2026-07-21,ShopeeQ.com,164
2026-07-21,Sproutlife Foods Pvt ltd,49
2026-07-21,Visage lines Personal Care Pvt Ltd,34
2026-07-21,WAYVEDA INDIA PRIVATE LIMITED,2
2026-07-21,ZIBBRI INDIA PRIVATE LIMITED,2
2026-07-22,ALPHAWALK SERVICES LLP,4
2026-07-22,ANSH SABHARWAL,29
2026-07-22,APIC Inc.,1
2026-07-22,ARTI KAPOOR,366
2026-07-22,AURO FRUIT AND NUT PRIVATE LIMITED,2
2026-07-22,BEATFUS PRODUCTS PRIVATE LIMITED,3
2026-07-22,BEVZILLA PRIVATE LIMITED,1
2026-07-22,BIOEXICON LABS PRIVATE LIMITED,1
2026-07-22,DABSTER INTERNATIONAL PRIVATE LIMITED,6
2026-07-22,DYNAMIC MARKETTING SOLUTION,9
2026-07-22,ERA Botanics,1
2026-07-22,ERD INFOTECH PRIVATE LIMITED,1
2026-07-22,EYEWEAR SOLUTIONS,1
2026-07-22,FitFeast,1
2026-07-22,GEMIES CONSUMER PRIVATE LIMITED,1
2026-07-22,Geeklane.in,1
2026-07-22,Go5 Incorporation,38
2026-07-22,HITESH JAIN,38
2026-07-22,Hammer,2
2026-07-22,INAARA WELLNESS PRIVATE LIMITED,1
2026-07-22,In鈥檒ief,1
2026-07-22,JANESH AGRAWAL,1
2026-07-22,JUGAL KANT SHARMA,1
2026-07-22,MAYANK KWATRA,6
2026-07-22,MPG BRANDS PRIVATE LIMITED,1
2026-07-22,NAMMA DABBA PRIVATE LIMITED,14
2026-07-22,NATURE MANIA INDIA PRIVATE LIMITED,1
2026-07-22,NOVATEOR RESEARCH LABORATORIES  LIMITED,3
2026-07-22,Order Status,28
2026-07-22,PANDA,5
2026-07-22,Ph91 Consumer Goods India Pvt Ltd,1
2026-07-22,QUICKCOM SOLUTIONS PRIVATE LIMITED,6
2026-07-22,RITI ARORA,32
2026-07-22,RedroomTechnology Private Limited,6
2026-07-22,SADAWAY PRIVATE LIMITED,1
2026-07-22,SAITECH IT PRIVATE LIMITED,1
2026-07-22,SAVANI DAYABEN,1
2026-07-22,SUPER CLONE ENTERPRISES (OPC) PRIVATE LIMITED,7
2026-07-22,ShopeeQ.com,221
2026-07-22,Sproutlife Foods Pvt ltd,29
2026-07-22,Visage lines Personal Care Pvt Ltd,21
2026-07-22,ZATAGS LIFESTYLES PRIVATE LIMITED,1
2026-07-22,ZENMAY JAI SINGH NEGI,1
2026-07-22,ZIBBRI INDIA PRIVATE LIMITED,4
2026-07-22,coral tree,1
2026-07-22,frogg international,1
2026-07-22,nPure Life Science Pvt Ltd,1
2026-07-23,ALPHAWALK SERVICES LLP,3
2026-07-23,ANSH SABHARWAL,12
2026-07-23,ARTI KAPOOR,377
2026-07-23,AURO FRUIT AND NUT PRIVATE LIMITED,2
2026-07-23,Athena Home,1
2026-07-23,BEATFUS PRODUCTS PRIVATE LIMITED,3
2026-07-23,DABSTER INTERNATIONAL PRIVATE LIMITED,7
2026-07-23,DYNAMIC MARKETTING SOLUTION,14
2026-07-23,ERA Botanics,1
2026-07-23,FitFeast,1
2026-07-23,GEEKVERSE VENTURES LLP,1
2026-07-23,GEMIES CONSUMER PRIVATE LIMITED,2
2026-07-23,Go5 Incorporation,29
2026-07-23,HAMILTON SCIENCES PRIVATE LIMITED,1
2026-07-23,HITESH JAIN,27
2026-07-23,Hammer,1
2026-07-23,Herbal Mitra,1
2026-07-23,JANESH AGRAWAL,1
2026-07-23,LUNAER WORLD PRIVATE LIMITED,1
2026-07-23,MAYANK KWATRA,4
2026-07-23,MPG BRANDS PRIVATE LIMITED,1
2026-07-23,NAMMA DABBA PRIVATE LIMITED,13
2026-07-23,NUTS DELISH PRIVATE LIMITED,1
2026-07-23,Order Status,263
2026-07-23,PANDA,8
2026-07-23,QUICKCOM SOLUTIONS PRIVATE LIMITED,7
2026-07-23,RITI ARORA,144
2026-07-23,RedroomTechnology Private Limited,4
2026-07-23,SAVANI DAYABEN,4
2026-07-23,SELECT BRANDS INTERNATIONAL PRIVATE LIMITED,1
2026-07-23,SUPER CLONE ENTERPRISES (OPC) PRIVATE LIMITED,11
2026-07-23,ShopeeQ.com,179
2026-07-23,Sproutlife Foods Pvt ltd,24
2026-07-23,THE MIMEMA COMPANY,1
2026-07-23,Visage lines Personal Care Pvt Ltd,31
2026-07-23,WAYVEDA INDIA PRIVATE LIMITED,1
2026-07-23,ZIBBRI INDIA PRIVATE LIMITED,1
2026-07-24,ALPHAWALK SERVICES LLP,5
2026-07-24,ANSH SABHARWAL,23
2026-07-24,ARTI KAPOOR,349
2026-07-24,BEATFUS PRODUCTS PRIVATE LIMITED,2
2026-07-24,Boenjoy Gifts,1
2026-07-24,CAMPUSSUTRA RETAIL PRIVATE LIMITED,1
2026-07-24,DABSTER INTERNATIONAL PRIVATE LIMITED,8
2026-07-24,DYNAMIC MARKETTING SOLUTION,1
2026-07-24,ERA Botanics,1
2026-07-24,FitFeast,1
2026-07-24,GEEKVERSE VENTURES LLP,1
2026-07-24,GEMIES CONSUMER PRIVATE LIMITED,1
2026-07-24,GO DESi MANDI PVT LTD,1
2026-07-24,Go5 Incorporation,20
2026-07-24,HITESH JAIN,28
2026-07-24,Hammer,1
2026-07-24,INLOOP STUDIO,1
2026-07-24,J3J ECOM PRIVATE LIMITED,1
2026-07-24,JANESH AGRAWAL,1
2026-07-24,JUGAL KANT SHARMA,3
2026-07-24,KITSTERS,1
2026-07-24,MAYANK KWATRA,3
2026-07-24,NAMMA DABBA PRIVATE LIMITED,40
2026-07-24,NATURE MANIA INDIA PRIVATE LIMITED,1
2026-07-24,NUTS DELISH PRIVATE LIMITED,1
2026-07-24,Order Status,107
2026-07-24,PANDA,10
2026-07-24,QUICKCOM SOLUTIONS PRIVATE LIMITED,6
2026-07-24,RITI ARORA,62
2026-07-24,RedroomTechnology Private Limited,4
2026-07-24,SAVANI DAYABEN,1
2026-07-24,SUPER CLONE ENTERPRISES (OPC) PRIVATE LIMITED,12
2026-07-24,ShopeeQ.com,166
2026-07-24,Sproutlife Foods Pvt ltd,22
2026-07-24,Visage lines Personal Care Pvt Ltd,71
2026-07-24,ZIBBRI INDIA PRIVATE LIMITED,3
2026-07-24,ZYNTRIX LIFESTYLE LLP,3
2026-07-24,bachchaparty.in,1
2026-07-24,coral tree,1
2026-07-24,nPure Life Science Pvt Ltd,1
2026-07-25,ALPHAWALK SERVICES LLP,7
2026-07-25,ANSH SABHARWAL,22
2026-07-25,ARTI KAPOOR,342
2026-07-25,AURO FRUIT AND NUT PRIVATE LIMITED,1
2026-07-25,BEATFUS PRODUCTS PRIVATE LIMITED,2
2026-07-25,DABSTER INTERNATIONAL PRIVATE LIMITED,6
2026-07-25,DYNAMIC MARKETTING SOLUTION,5
2026-07-25,EYEWEAR SOLUTIONS,1
2026-07-25,FitFeast,1
2026-07-25,GEMIES CONSUMER PRIVATE LIMITED,1
2026-07-25,Go5 Incorporation,29
2026-07-25,HITESH JAIN,16
2026-07-25,Hammer,1
2026-07-25,JUGAL KANT SHARMA,1
2026-07-25,KUNSH COSMETICS,1
2026-07-25,MAYANK KWATRA,6
2026-07-25,MPG BRANDS PRIVATE LIMITED,1
2026-07-25,NAMMA DABBA PRIVATE LIMITED,21
2026-07-25,NATURE MANIA INDIA PRIVATE LIMITED,1
2026-07-25,NUTS DELISH PRIVATE LIMITED,1
2026-07-25,Order Status,31
2026-07-25,PANDA,7
2026-07-25,Panditata Research Technology,1
2026-07-25,QUICKCOM SOLUTIONS PRIVATE LIMITED,6
2026-07-25,RAMAM GROUP,1
2026-07-25,RITI ARORA,88
2026-07-25,RedroomTechnology Private Limited,2
2026-07-25,SAVANI DAYABEN,3
2026-07-25,SELECT BRANDS INTERNATIONAL PRIVATE LIMITED,1
2026-07-25,SUPER CLONE ENTERPRISES (OPC) PRIVATE LIMITED,6
2026-07-25,ShopeeQ.com,168
2026-07-25,Sproutlife Foods Pvt ltd,21
2026-07-25,TEVOS PHARMACEUTICALS,1
2026-07-25,Tempt Smart Private Limited,1
2026-07-25,Visage lines Personal Care Pvt Ltd,109
2026-07-25,ZENMAY JAI SINGH NEGI,1
2026-07-25,ZYNTRIX LIFESTYLE LLP,3
2026-07-25,coral tree,1
2026-07-26,ALPHAWALK SERVICES LLP,3
2026-07-26,ANSH SABHARWAL,20
2026-07-26,ARTI KAPOOR,352
2026-07-26,AURO FRUIT AND NUT PRIVATE LIMITED,1
2026-07-26,August Assortments Private Limited,1
2026-07-26,DABSTER INTERNATIONAL PRIVATE LIMITED,9
2026-07-26,DYNAMIC MARKETTING SOLUTION,8
2026-07-26,ELITE LIFESTYLE,1
2026-07-26,ERA Botanics,1
2026-07-26,EYEWEAR SOLUTIONS,1
2026-07-26,FitFeast,1
2026-07-26,GEEKVERSE VENTURES LLP,1
2026-07-26,GUARDIAN HEALTHCARE SERVICES PRIVATE LIMITED,1
2026-07-26,Go5 Incorporation,34
2026-07-26,HITESH JAIN,21
2026-07-26,HOUSE OF HIMALAYAS LIMITED,1
2026-07-26,Hammer,1
2026-07-26,In鈥檒ief,2
2026-07-26,JUGAL KANT SHARMA,1
2026-07-26,LOVE EARTH PVT LTD,1
2026-07-26,MAYANK KWATRA,5
2026-07-26,NAMMA DABBA PRIVATE LIMITED,20
2026-07-26,Order Status,87
2026-07-26,PANDA,4
2026-07-26,QUICKCOM SOLUTIONS PRIVATE LIMITED,1
2026-07-26,RITI ARORA,11
2026-07-26,RedroomTechnology Private Limited,2
2026-07-26,SAVANI DAYABEN,2
2026-07-26,SELECT BRANDS INTERNATIONAL PRIVATE LIMITED,1
2026-07-26,SUPER CLONE ENTERPRISES (OPC) PRIVATE LIMITED,8
2026-07-26,ShopeeQ.com,155
2026-07-26,Sproutlife Foods Pvt ltd,21
2026-07-26,TEVOS PHARMACEUTICALS,1
2026-07-26,Visage lines Personal Care Pvt Ltd,107
2026-07-26,WAYVEDA INDIA PRIVATE LIMITED,1
2026-07-26,ZYNTRIX LIFESTYLE LLP,9
2026-07-26,coral tree,2
2026-07-26,nPure Life Science Pvt Ltd,2
2026-07-27,ALPHAWALK SERVICES LLP,3
2026-07-27,ANSH SABHARWAL,22
2026-07-27,ARTI KAPOOR,324
2026-07-27,BIOEXICON LABS PRIVATE LIMITED,1
2026-07-27,BellOPages.com,1
2026-07-27,Boenjoy Gifts,1
2026-07-27,DABSTER INTERNATIONAL PRIVATE LIMITED,7
2026-07-27,DYNAMIC MARKETTING SOLUTION,7
2026-07-27,Go5 Incorporation,50
2026-07-27,HITESH JAIN,27
2026-07-27,INAARA WELLNESS PRIVATE LIMITED,1
2026-07-27,In鈥檒ief,1
2026-07-27,JUGAL KANT SHARMA,2
2026-07-27,MAYANK KWATRA,3
2026-07-27,NAMMA DABBA PRIVATE LIMITED,14
2026-07-27,NATURE MANIA INDIA PRIVATE LIMITED,2
2026-07-27,NOVATEOR RESEARCH LABORATORIES  LIMITED,1
2026-07-27,NUTS DELISH PRIVATE LIMITED,1
2026-07-27,Order Status,40
2026-07-27,PANDA,6
2026-07-27,Ph91 Consumer Goods India Pvt Ltd,2
2026-07-27,QUICKCOM SOLUTIONS PRIVATE LIMITED,3
2026-07-27,RITI ARORA,853
2026-07-27,RedroomTechnology Private Limited,2
2026-07-27,SADAWAY PRIVATE LIMITED,1
2026-07-27,SAVANI DAYABEN,4
2026-07-27,SHREE SURJAL MATA MARKETING PRIVATE LIMITED,1
2026-07-27,SUPER CLONE ENTERPRISES (OPC) PRIVATE LIMITED,13
2026-07-27,ShopeeQ.com,175
2026-07-27,Sproutlife Foods Pvt ltd,21
2026-07-27,Visage lines Personal Care Pvt Ltd,146
2026-07-27,ZENMAY JAI SINGH NEGI,1
2026-07-27,ZYNTRIX LIFESTYLE LLP,17
2026-07-27,coral tree,2
2026-07-28,ALPHAWALK SERVICES LLP,4
2026-07-28,ANSH SABHARWAL,30
2026-07-28,APIC Inc.,2
2026-07-28,ARTI KAPOOR,470
2026-07-28,AURO FRUIT AND NUT PRIVATE LIMITED,1
2026-07-28,Amitva retail,1
2026-07-28,BEATFUS PRODUCTS PRIVATE LIMITED,3
2026-07-28,BIOEXICON LABS PRIVATE LIMITED,1
2026-07-28,Bonneterre Foods Pvt Ltd,1
2026-07-28,CAMPUSSUTRA RETAIL PRIVATE LIMITED,1
2026-07-28,Colosseum foods private limited,1
2026-07-28,DABSTER INTERNATIONAL PRIVATE LIMITED,9
2026-07-28,DHANTA WELLNESS PRIVATE LIMITED,1
2026-07-28,DYNAMIC MARKETTING SOLUTION,8
2026-07-28,FitFeast,1
2026-07-28,GEMIES CONSUMER PRIVATE LIMITED,2
2026-07-28,Go5 Incorporation,52
2026-07-28,HAMILTON SCIENCES PRIVATE LIMITED,1
2026-07-28,HITESH JAIN,37
2026-07-28,In鈥檒ief,1
2026-07-28,JUGAL KANT SHARMA,2
2026-07-28,KUNSH COSMETICS,1
2026-07-28,MAYANK KWATRA,5
2026-07-28,MPG BRANDS PRIVATE LIMITED,1
2026-07-28,NAMMA DABBA PRIVATE LIMITED,14
2026-07-28,NUTS DELISH PRIVATE LIMITED,3
2026-07-28,Order Status,22
2026-07-28,PANDA,12
2026-07-28,Panditata Research Technology,1
2026-07-28,QUICKCOM SOLUTIONS PRIVATE LIMITED,7
2026-07-28,RITI ARORA,547
2026-07-28,RX INFOTECH PRIVATE LIMITED,1
2026-07-28,RedroomTechnology Private Limited,5
2026-07-28,SAITECH IT PRIVATE LIMITED,1
2026-07-28,SAVANI DAYABEN,4
2026-07-28,SELECT BRANDS INTERNATIONAL PRIVATE LIMITED,1
2026-07-28,SUPER CLONE ENTERPRISES (OPC) PRIVATE LIMITED,7
2026-07-28,ShopeeQ.com,170
2026-07-28,Sproutlife Foods Pvt ltd,16
2026-07-28,StarCap Wellness Private Limited,1
2026-07-28,Visage lines Personal Care Pvt Ltd,187
2026-07-28,ZENMAY JAI SINGH NEGI,1
2026-07-28,ZIBBRI INDIA PRIVATE LIMITED,3
2026-07-28,ZYNTRIX LIFESTYLE LLP,18
2026-07-28,coral tree,3
2026-07-28,nPure Life Science Pvt Ltd,1
2026-07-29,ALPHAWALK SERVICES LLP,4
2026-07-29,ANSH SABHARWAL,32
2026-07-29,ARTI KAPOOR,416
2026-07-29,Amitva retail,1
2026-07-29,BEATFUS PRODUCTS PRIVATE LIMITED,3
2026-07-29,DABSTER INTERNATIONAL PRIVATE LIMITED,7
2026-07-29,DYNAMIC MARKETTING SOLUTION,7
2026-07-29,GEEKVERSE VENTURES LLP,1
2026-07-29,GEMIES CONSUMER PRIVATE LIMITED,3
2026-07-29,Go5 Incorporation,40
2026-07-29,HITESH JAIN,22
2026-07-29,JANESH AGRAWAL,2
2026-07-29,JUGAL KANT SHARMA,4
2026-07-29,MAYANK KWATRA,3
2026-07-29,NAMMA DABBA PRIVATE LIMITED,25
2026-07-29,ORACURA SOLUTIONS PRIVATE LIMITED,1
2026-07-29,Order Status,14
2026-07-29,PANDA,7
2026-07-29,QUICKCOM SOLUTIONS PRIVATE LIMITED,2
2026-07-29,RITI ARORA,609
2026-07-29,RedroomTechnology Private Limited,1
2026-07-29,SAVANI DAYABEN,1
2026-07-29,SUPER CLONE ENTERPRISES (OPC) PRIVATE LIMITED,7
2026-07-29,ShopeeQ.com,177
2026-07-29,Sproutlife Foods Pvt ltd,22
2026-07-29,URBAN NUTRITION PRIVATE LIMITED,1
2026-07-29,Visage lines Personal Care Pvt Ltd,175
2026-07-29,ZIBBRI INDIA PRIVATE LIMITED,4
2026-07-29,ZYNTRIX LIFESTYLE LLP,17
2026-07-30,ALPHAWALK SERVICES LLP,5
2026-07-30,AMAN KUMAR,50
2026-07-30,ANSH SABHARWAL,38
2026-07-30,ARTI KAPOOR,513
2026-07-30,AURO FRUIT AND NUT PRIVATE LIMITED,2
2026-07-30,BEATFUS PRODUCTS PRIVATE LIMITED,2
2026-07-30,BIOEXICON LABS PRIVATE LIMITED,1
2026-07-30,DABSTER INTERNATIONAL PRIVATE LIMITED,9
2026-07-30,DYNAMIC MARKETTING SOLUTION,9
2026-07-30,FitFeast,1
2026-07-30,GEMIES CONSUMER PRIVATE LIMITED,2
2026-07-30,Go5 Incorporation,50
2026-07-30,HITESH JAIN,44
2026-07-30,HYPERTEXT MARKETING PRIVATE LIMITED,1
2026-07-30,Hammer,5
2026-07-30,Health Star Naturals Pvt Ltd,1
2026-07-30,Herbal Mitra,1
2026-07-30,INAARA WELLNESS PRIVATE LIMITED,1
2026-07-30,In鈥檒ief,1
2026-07-30,JANESH AGRAWAL,1
2026-07-30,MAYANK KWATRA,4
2026-07-30,NAMMA DABBA PRIVATE LIMITED,26
2026-07-30,NUTS DELISH PRIVATE LIMITED,6
2026-07-30,Order Status,40
2026-07-30,PANDA,9
2026-07-30,QUICKCOM SOLUTIONS PRIVATE LIMITED,3
2026-07-30,RITI ARORA,28
2026-07-30,RedroomTechnology Private Limited,7
2026-07-30,SAVANI DAYABEN,5
2026-07-30,SUPER CLONE ENTERPRISES (OPC) PRIVATE LIMITED,10
2026-07-30,ShopeeQ.com,206
2026-07-30,Sproutlife Foods Pvt ltd,36
2026-07-30,Visage lines Personal Care Pvt Ltd,183
2026-07-30,WAYVEDA INDIA PRIVATE LIMITED,1
2026-07-30,ZENMAY JAI SINGH NEGI,4
2026-07-30,ZIBBRI INDIA PRIVATE LIMITED,1
2026-07-30,ZYNTRIX LIFESTYLE LLP,18
2026-07-30,coral tree,1
2026-07-31,ALPHAWALK SERVICES LLP,5
2026-07-31,AMAN KUMAR,13
2026-07-31,ANSH SABHARWAL,51
2026-07-31,ARTI KAPOOR,516
2026-07-31,Ashok Batra,1
2026-07-31,BEATFUS PRODUCTS PRIVATE LIMITED,3
2026-07-31,DABSTER INTERNATIONAL PRIVATE LIMITED,10
2026-07-31,DEALCLIQ TECHNOLOGY PRIVATE LIMITED,1
2026-07-31,DYNAMIC MARKETTING SOLUTION,10
2026-07-31,ERD INFOTECH PRIVATE LIMITED,1
2026-07-31,Farm Fresco,1
2026-07-31,FitFeast,2
2026-07-31,GEMIES CONSUMER PRIVATE LIMITED,2
2026-07-31,Go5 Incorporation,41
2026-07-31,HITESH JAIN,38
2026-07-31,In鈥檒ief,3
2026-07-31,JANESH AGRAWAL,1
2026-07-31,LUNAER WORLD PRIVATE LIMITED,1
2026-07-31,Lujotrends pvt ltd,1
2026-07-31,MAYANK KWATRA,8
2026-07-31,NAM NAM,1
2026-07-31,NAMMA DABBA PRIVATE LIMITED,30
2026-07-31,NUTS DELISH PRIVATE LIMITED,2
2026-07-31,NextGen Ecom Solutions,1
2026-07-31,Nuworld Retail Private Limited,1
2026-07-31,Order Status,26
2026-07-31,PANDA,11
2026-07-31,QUICKCOM SOLUTIONS PRIVATE LIMITED,6
2026-07-31,RITI ARORA,17
2026-07-31,RedroomTechnology Private Limited,8
2026-07-31,SAVANI DAYABEN,1
2026-07-31,SUPER CLONE ENTERPRISES (OPC) PRIVATE LIMITED,25
2026-07-31,ShopeeQ.com,210
2026-07-31,Sproutlife Foods Pvt ltd,24
2026-07-31,Visage lines Personal Care Pvt Ltd,176
2026-07-31,ZAYDN SNEAKERS PRIVATE LIMITED,1
2026-07-31,ZENMAY JAI SINGH NEGI,1
2026-07-31,ZIBBRI INDIA PRIVATE LIMITED,1
2026-07-31,ZYNTRIX LIFESTYLE LLP,19
2026-08-01,ALPHAWALK SERVICES LLP,5
2026-08-01,AMAN KUMAR,1
2026-08-01,ANSH SABHARWAL,48
2026-08-01,ARTI KAPOOR,560
2026-08-01,BEATFUS PRODUCTS PRIVATE LIMITED,1
2026-08-01,Bonneterre Foods Pvt Ltd,1
2026-08-01,DABSTER INTERNATIONAL PRIVATE LIMITED,8
2026-08-01,DYNAMIC MARKETTING SOLUTION,8
2026-08-01,ERD INFOTECH PRIVATE LIMITED,1
2026-08-01,GEMIES CONSUMER PRIVATE LIMITED,1
2026-08-01,Go5 Incorporation,51
2026-08-01,HITESH JAIN,38
2026-08-01,Hammer,1
2026-08-01,JUGAL KANT SHARMA,1
2026-08-01,MAYANK KWATRA,3
2026-08-01,NAMMA DABBA PRIVATE LIMITED,29
2026-08-01,NOVATEOR RESEARCH LABORATORIES  LIMITED,1
2026-08-01,NUTS DELISH PRIVATE LIMITED,3
2026-08-01,ORACURA SOLUTIONS PRIVATE LIMITED,1
2026-08-01,Order Status,16
2026-08-01,PANDA,17
2026-08-01,PT INVENT INIDA PRIVATE LIMITED,1
2026-08-01,Ph91 Consumer Goods India Pvt Ltd,1
2026-08-01,QUICKCOM SOLUTIONS PRIVATE LIMITED,6
2026-08-01,RITI ARORA,36
2026-08-01,RedroomTechnology Private Limited,6
2026-08-01,SAVANI DAYABEN,6
2026-08-01,SELECT BRANDS INTERNATIONAL PRIVATE LIMITED,1
2026-08-01,SUPER CLONE ENTERPRISES (OPC) PRIVATE LIMITED,31
2026-08-01,ShopeeQ.com,255
2026-08-01,Sproutlife Foods Pvt ltd,37
2026-08-01,Visage lines Personal Care Pvt Ltd,170
2026-08-01,WAYVEDA INDIA PRIVATE LIMITED,1
2026-08-01,ZAYDN SNEAKERS PRIVATE LIMITED,1
2026-08-01,ZIBBRI INDIA PRIVATE LIMITED,1
2026-08-01,ZYNTRIX LIFESTYLE LLP,24
2026-08-02,ALPHAWALK SERVICES LLP,5
2026-08-02,AMAN KUMAR,9
2026-08-02,ANSH SABHARWAL,39
2026-08-02,ARTI KAPOOR,545
2026-08-02,Amitva retail,1
2026-08-02,BEATFUS PRODUCTS PRIVATE LIMITED,5
2026-08-02,Boenjoy Gifts,1
2026-08-02,CAMPUSSUTRA RETAIL PRIVATE LIMITED,1
2026-08-02,DABSTER INTERNATIONAL PRIVATE LIMITED,9
2026-08-02,DYNAMIC MARKETTING SOLUTION,5
2026-08-02,GEEKVERSE VENTURES LLP,2
2026-08-02,Go5 Incorporation,45
2026-08-02,HITESH JAIN,38
2026-08-02,Hammer,1
2026-08-02,INAARA WELLNESS PRIVATE LIMITED,1
2026-08-02,INLOOP STUDIO,2
2026-08-02,JAMSFA SOLUTIONS PRIVATE LIMITED,1
2026-08-02,JUGAL KANT SHARMA,1
2026-08-02,L avenour Lifestyle Private Limited,1
2026-08-02,MAYANK KWATRA,4
2026-08-02,NAMMA DABBA PRIVATE LIMITED,17
2026-08-02,NOVATEOR RESEARCH LABORATORIES  LIMITED,1
2026-08-02,Order Status,12
2026-08-02,PANDA,11
2026-08-02,QUICKCOM SOLUTIONS PRIVATE LIMITED,3
2026-08-02,RITI ARORA,55
2026-08-02,RedroomTechnology Private Limited,8
2026-08-02,Ren Lifestyle Solutions Pvt Ltd.,1
2026-08-02,SAVANI DAYABEN,4
2026-08-02,SUPER CLONE ENTERPRISES (OPC) PRIVATE LIMITED,29
2026-08-02,ShopeeQ.com,234
2026-08-02,Sproutlife Foods Pvt ltd,28
2026-08-02,Vamanand technokraft pvt ltd,1
2026-08-02,Visage lines Personal Care Pvt Ltd,136
2026-08-02,WAYVEDA INDIA PRIVATE LIMITED,1
2026-08-02,ZENMAY JAI SINGH NEGI,1
2026-08-02,ZIBBRI INDIA PRIVATE LIMITED,1
2026-08-02,ZYNTRIX LIFESTYLE LLP,21
2026-08-02,brillare science,2
2026-08-03,ALPHAWALK SERVICES LLP,4
2026-08-03,AMAN KUMAR,35
2026-08-03,ANSH SABHARWAL,32
2026-08-03,ARTI KAPOOR,443
2026-08-03,Amitva retail,1
2026-08-03,BEVZILLA PRIVATE LIMITED,1
2026-08-03,CAMPUSSUTRA RETAIL PRIVATE LIMITED,1
2026-08-03,DABSTER INTERNATIONAL PRIVATE LIMITED,13
2026-08-03,DYNAMIC MARKETTING SOLUTION,7
2026-08-03,GEMIES CONSUMER PRIVATE LIMITED,1
2026-08-03,Go5 Incorporation,45
2026-08-03,HITESH JAIN,36
2026-08-03,Health Veda Organics,1
2026-08-03,JANESH AGRAWAL,1
2026-08-03,L avenour Lifestyle Private Limited,1
2026-08-03,LOVE EARTH PVT LTD,1
2026-08-03,MAYANK KWATRA,3
2026-08-03,MPG BRANDS PRIVATE LIMITED,2
2026-08-03,NAMMA DABBA PRIVATE LIMITED,25
2026-08-03,NUTS DELISH PRIVATE LIMITED,3
2026-08-03,NextGen Ecom Solutions,1
2026-08-03,Order Status,11
2026-08-03,PANDA,8
2026-08-03,QUICKCOM SOLUTIONS PRIVATE LIMITED,6
2026-08-03,RITI ARORA,91
2026-08-03,RX INFOTECH PRIVATE LIMITED,1
2026-08-03,RedroomTechnology Private Limited,3
2026-08-03,SUPER CLONE ENTERPRISES (OPC) PRIVATE LIMITED,16
2026-08-03,ShopeeQ.com,232
2026-08-03,Sproutlife Foods Pvt ltd,25
2026-08-03,Vamanand technokraft pvt ltd,1
2026-08-03,Visage lines Personal Care Pvt Ltd,161
2026-08-03,Woggles Distribution Private Limited,1
2026-08-03,ZAYDN SNEAKERS PRIVATE LIMITED,1
2026-08-03,ZIBBRI INDIA PRIVATE LIMITED,1
2026-08-03,ZYNTRIX LIFESTYLE LLP,12
2026-08-03,frogg international,1
2026-08-03,nPure Life Science Pvt Ltd,1
2026-08-04,ALPHAWALK SERVICES LLP,11
2026-08-04,AMAN KUMAR,9
2026-08-04,ANSH SABHARWAL,29
2026-08-04,ARTI KAPOOR,511
2026-08-04,Amitva retail,1
2026-08-04,BEATFUS PRODUCTS PRIVATE LIMITED,3
2026-08-04,Blissvive,1
2026-08-04,Boenjoy Gifts,1
2026-08-04,DABSTER INTERNATIONAL PRIVATE LIMITED,18
2026-08-04,DYNAMIC MARKETTING SOLUTION,9
2026-08-04,Ecofynd,1
2026-08-04,GEMIES CONSUMER PRIVATE LIMITED,8
2026-08-04,Go5 Incorporation,58
2026-08-04,Goodveda Health Labs Pvt Ltd,1
2026-08-04,H K ENTERPRISES,1
2026-08-04,HITESH JAIN,38
2026-08-04,Hammer,1
2026-08-04,Herbal Mitra,1
2026-08-04,INAARA WELLNESS PRIVATE LIMITED,1
2026-08-04,In鈥檒ief,1
2026-08-04,J3J ECOM PRIVATE LIMITED,1
2026-08-04,JANESH AGRAWAL,1
2026-08-04,JUGAL KANT SHARMA,3
2026-08-04,MAYANK KWATRA,4
2026-08-04,MOUNTMILLER INDUSTRIES PRIVATE LIMITED,1
2026-08-04,MPG BRANDS PRIVATE LIMITED,1
2026-08-04,NAMMA DABBA PRIVATE LIMITED,18
2026-08-04,NUTS DELISH PRIVATE LIMITED,1
2026-08-04,Order Status,40
2026-08-04,PANDA,12
2026-08-04,PUREXA GLOBAL,1
2026-08-04,QUICKCOM SOLUTIONS PRIVATE LIMITED,11
2026-08-04,RITI ARORA,78
2026-08-04,RedroomTechnology Private Limited,5
2026-08-04,SARDAR JI PAPAD WALE PRIVATE LIMITED,1
2026-08-04,SAVANI DAYABEN,3
2026-08-04,SUPER CLONE ENTERPRISES (OPC) PRIVATE LIMITED,13
2026-08-04,ShopeeQ.com,213
2026-08-04,Sproutlife Foods Pvt ltd,38
2026-08-04,StarCap Wellness Private Limited,1
2026-08-04,TEVOS PHARMACEUTICALS,1
2026-08-04,Visage lines Personal Care Pvt Ltd,183
2026-08-04,ZIBBRI INDIA PRIVATE LIMITED,1
2026-08-04,ZYNTRIX LIFESTYLE LLP,13
2026-08-04,coral tree,1
2026-08-04,nPure Life Science Pvt Ltd,4
2026-08-05,AMAN KUMAR,7
2026-08-05,ANSH SABHARWAL,40
2026-08-05,ARTI KAPOOR,488
2026-08-05,AURO FRUIT AND NUT PRIVATE LIMITED,2
2026-08-05,BEATFUS PRODUCTS PRIVATE LIMITED,4
2026-08-05,DABSTER INTERNATIONAL PRIVATE LIMITED,11
2026-08-05,DEALCLIQ TECHNOLOGY PRIVATE LIMITED,1
2026-08-05,DYNAMIC MARKETTING SOLUTION,13
2026-08-05,ERA Botanics,1
2026-08-05,GEEKVERSE VENTURES LLP,2
2026-08-05,GEMIES CONSUMER PRIVATE LIMITED,3
2026-08-05,Go5 Incorporation,47
2026-08-05,HITESH JAIN,34
2026-08-05,Herbal Mitra,1
2026-08-05,JANESH AGRAWAL,1
2026-08-05,LUNAER WORLD PRIVATE LIMITED,2
2026-08-05,Lujotrends pvt ltd,1
2026-08-05,MAYANK KWATRA,4
2026-08-05,NAMMA DABBA PRIVATE LIMITED,17
2026-08-05,NATURE MANIA INDIA PRIVATE LIMITED,1
2026-08-05,Order Status,15
2026-08-05,PANDA,5
2026-08-05,PT INVENT INIDA PRIVATE LIMITED,1
2026-08-05,QUICKCOM SOLUTIONS PRIVATE LIMITED,4
2026-08-05,RITI ARORA,4141
2026-08-05,RedroomTechnology Private Limited,2
2026-08-05,SADAWAY PRIVATE LIMITED,1
2026-08-05,SAVANI DAYABEN,3
2026-08-05,SELECT BRANDS INTERNATIONAL PRIVATE LIMITED,1
2026-08-05,SUPER CLONE ENTERPRISES (OPC) PRIVATE LIMITED,12
2026-08-05,ShopeeQ.com,196
2026-08-05,Sproutlife Foods Pvt ltd,34
2026-08-05,TEVOS PHARMACEUTICALS,1
2026-08-05,Urban Essentials India Pvt Ltd,1
2026-08-05,Visage lines Personal Care Pvt Ltd,150
2026-08-05,ZENMAY JAI SINGH NEGI,1
2026-08-05,ZIBBRI INDIA PRIVATE LIMITED,4
2026-08-05,ZYNTRIX LIFESTYLE LLP,15
2026-08-06,AELORIA TRILLION PARTNERS LLP,1
2026-08-06,ALPHAWALK SERVICES LLP,5
2026-08-06,AMAN KUMAR,3
2026-08-06,ANSH SABHARWAL,45
2026-08-06,ARTI KAPOOR,487
2026-08-06,AURO FRUIT AND NUT PRIVATE LIMITED,4
2026-08-06,BEATFUS PRODUCTS PRIVATE LIMITED,4
2026-08-06,Bigsmall gifts pvt mtd,1
2026-08-06,DABSTER INTERNATIONAL PRIVATE LIMITED,9
2026-08-06,DYNAMIC MARKETTING SOLUTION,6
2026-08-06,GEMIES CONSUMER PRIVATE LIMITED,1
2026-08-06,Go5 Incorporation,41
2026-08-06,Goodveda Health Labs Pvt Ltd,1
2026-08-06,HALEWOOD LABORATORIES PRIVATE LIMITED,1
2026-08-06,HASAN OUD,1
2026-08-06,HITESH JAIN,28
2026-08-06,IDAM NATURAL WELLNESS PRIVATE LIMITED,6
2026-08-06,Imagine Marketing Limited.,1
2026-08-06,In鈥檒ief,1
2026-08-06,JAMSFA SOLUTIONS PRIVATE LIMITED,1
2026-08-06,JUGAL KANT SHARMA,1
2026-08-06,KUNSH COSMETICS,1
2026-08-06,Lujotrends pvt ltd,1
2026-08-06,MAYANK KWATRA,2
2026-08-06,Man-Solid by Eqraa Corporation LLP,1
2026-08-06,NAMMA DABBA PRIVATE LIMITED,18
2026-08-06,NUTS DELISH PRIVATE LIMITED,4
2026-08-06,Order Status,10
2026-08-06,PANDA,8
2026-08-06,Panditata Research Technology,1
2026-08-06,QUICKCOM SOLUTIONS PRIVATE LIMITED,11
2026-08-06,RITI ARORA,3276
2026-08-06,RedroomTechnology Private Limited,2
2026-08-06,SAVANI DAYABEN,5
2026-08-06,SUPER CLONE ENTERPRISES (OPC) PRIVATE LIMITED,14
2026-08-06,ShopeeQ.com,178
2026-08-06,Sproutlife Foods Pvt ltd,29
2026-08-06,Syama Crafts Pvt Ltd,1
2026-08-06,Visage lines Personal Care Pvt Ltd,129
2026-08-06,WAYVEDA INDIA PRIVATE LIMITED,1
2026-08-06,WILD CHILD ENTERPRISES PRIVATE LIMITED,1
2026-08-06,ZIBBRI INDIA PRIVATE LIMITED,2
2026-08-06,ZYNTRIX LIFESTYLE LLP,16
2026-08-07,ALPHAWALK SERVICES LLP,6
2026-08-07,AMAN KUMAR,4
2026-08-07,ANSH SABHARWAL,33
2026-08-07,ARTI KAPOOR,458
2026-08-07,BEATFUS PRODUCTS PRIVATE LIMITED,4
2026-08-07,BEVZILLA PRIVATE LIMITED,1
2026-08-07,BIOEXICON LABS PRIVATE LIMITED,1
2026-08-07,DABSTER INTERNATIONAL PRIVATE LIMITED,6
2026-08-07,DYNAMIC MARKETTING SOLUTION,11
2026-08-07,Go5 Incorporation,54
2026-08-07,Goodveda Health Labs Pvt Ltd,1
2026-08-07,HITESH JAIN,21
2026-08-07,Herbal Mitra,1
2026-08-07,IDAM NATURAL WELLNESS PRIVATE LIMITED,2
2026-08-07,Imagine Marketing Limited.,6
2026-08-07,JANESH AGRAWAL,1
2026-08-07,JUGAL KANT SHARMA,1
2026-08-07,MAYANK KWATRA,3
2026-08-07,NAMMA DABBA PRIVATE LIMITED,11
2026-08-07,NUTS DELISH PRIVATE LIMITED,3
2026-08-07,Order Status,9
2026-08-07,PANDA,12
2026-08-07,QUICKCOM SOLUTIONS PRIVATE LIMITED,7
2026-08-07,RITI ARORA,58
2026-08-07,RedroomTechnology Private Limited,4
2026-08-07,SAVANI DAYABEN,1
2026-08-07,SELECT BRANDS INTERNATIONAL PRIVATE LIMITED,1
2026-08-07,SUPER CLONE ENTERPRISES (OPC) PRIVATE LIMITED,14
2026-08-07,SURBHI  JAIN,1
2026-08-07,ShopeeQ.com,182
2026-08-07,Sproutlife Foods Pvt ltd,10
2026-08-07,The Snack Company,1
2026-08-07,Visage lines Personal Care Pvt Ltd,186
2026-08-07,WILD CHILD ENTERPRISES PRIVATE LIMITED,1
2026-08-07,ZENMAY JAI SINGH NEGI,1
2026-08-07,ZIBBRI INDIA PRIVATE LIMITED,2
2026-08-07,ZYNTRIX LIFESTYLE LLP,21
2026-08-07,looploom,1
2026-08-08,ALPHAWALK SERVICES LLP,2
2026-08-08,AMAN KUMAR,7
2026-08-08,ANSH SABHARWAL,49
2026-08-08,ARTI KAPOOR,372
2026-08-08,BEATFUS PRODUCTS PRIVATE LIMITED,2
2026-08-08,BIOEXICON LABS PRIVATE LIMITED,1
2026-08-08,DABSTER INTERNATIONAL PRIVATE LIMITED,3
2026-08-08,DYNAMIC MARKETTING SOLUTION,11
2026-08-08,Go5 Incorporation,56
2026-08-08,HITESH JAIN,31
2026-08-08,Hammer,1
2026-08-08,IDAM NATURAL WELLNESS PRIVATE LIMITED,1
2026-08-08,JAMSFA SOLUTIONS PRIVATE LIMITED,1
2026-08-08,JUGAL KANT SHARMA,1
2026-08-08,KUNSH COSMETICS,1
2026-08-08,Lili Origin Private Limited,1
2026-08-08,MAYANK KWATRA,5
2026-08-08,NAMMA DABBA PRIVATE LIMITED,15
2026-08-08,Order Status,5
2026-08-08,PANDA,13
2026-08-08,Panditata Research Technology,1
2026-08-08,QUICKCOM SOLUTIONS PRIVATE LIMITED,11
2026-08-08,RITI ARORA,42
2026-08-08,RedroomTechnology Private Limited,6
2026-08-08,SELECT BRANDS INTERNATIONAL PRIVATE LIMITED,1
2026-08-08,SUPER CLONE ENTERPRISES (OPC) PRIVATE LIMITED,22
2026-08-08,ShopeeQ.com,191
2026-08-08,Sproutlife Foods Pvt ltd,17
2026-08-08,StarCap Wellness Private Limited,1
2026-08-08,Tempt Smart Private Limited,2
2026-08-08,Visage lines Personal Care Pvt Ltd,236
2026-08-08,ZENMAY JAI SINGH NEGI,2
2026-08-08,ZIBBRI INDIA PRIVATE LIMITED,4
2026-08-08,ZYNTRIX LIFESTYLE LLP,21
2026-08-08,nPure Life Science Pvt Ltd,1
2026-08-09,ADLT,1
2026-08-09,ALPHAWALK SERVICES LLP,6
2026-08-09,AMAN KUMAR,2
2026-08-09,ANSH SABHARWAL,32
2026-08-09,APIC Inc.,1
2026-08-09,ARTI KAPOOR,298
2026-08-09,Alluvium Retail LLP,1
2026-08-09,BEATFUS PRODUCTS PRIVATE LIMITED,2
2026-08-09,Blingbrands Private Limited,1
2026-08-09,DABSTER INTERNATIONAL PRIVATE LIMITED,4
2026-08-09,DYNAMIC MARKETTING SOLUTION,8
2026-08-09,ELITE LIFESTYLE,1
2026-08-09,EYEWEAR SOLUTIONS,1
2026-08-09,FitFeast,2
2026-08-09,GEMIES CONSUMER PRIVATE LIMITED,2
2026-08-09,Go5 Incorporation,46
2026-08-09,Goodveda Health Labs Pvt Ltd,2
2026-08-09,HITESH JAIN,27
2026-08-09,JUGAL KANT SHARMA,5
2026-08-09,Lili Origin Private Limited,1
2026-08-09,MAYANK KWATRA,6
2026-08-09,Man-Solid by Eqraa Corporation LLP,1
2026-08-09,NAM NAM,1
2026-08-09,NAMMA DABBA PRIVATE LIMITED,11
2026-08-09,NUTS DELISH PRIVATE LIMITED,5
2026-08-09,Order Status,8
2026-08-09,PANDA,6
2026-08-09,PT INVENT INIDA PRIVATE LIMITED,1
2026-08-09,Panditata Research Technology,1
2026-08-09,QUICKCOM SOLUTIONS PRIVATE LIMITED,3
2026-08-09,RITI ARORA,30
2026-08-09,RedroomTechnology Private Limited,3
2026-08-09,SNAXUP HEALTHY FOODS INDIA PVT LTD,1
2026-08-09,SUPER CLONE ENTERPRISES (OPC) PRIVATE LIMITED,43
2026-08-09,ShopeeQ.com,174
2026-08-09,Sproutlife Foods Pvt ltd,13
2026-08-09,TEVOS PHARMACEUTICALS,1
2026-08-09,Visage lines Personal Care Pvt Ltd,185
2026-08-09,ZYNTRIX LIFESTYLE LLP,35
2026-08-09,frogg international,1
2026-08-09,looploom,1
2026-08-09,nPure Life Science Pvt Ltd,1
2026-08-10,AELORIA TRILLION PARTNERS LLP,1
2026-08-10,ALMANDO CHOCOLATES AND CONFECTIONERY LLP,1
2026-08-10,ALPHAWALK SERVICES LLP,2
2026-08-10,AMAN KUMAR,4
2026-08-10,ANSH SABHARWAL,34
2026-08-10,ANUPAMA BIO NATURALS PRIVATE LIMITED,1
2026-08-10,ARTI KAPOOR,393
2026-08-10,Amitva retail,6
2026-08-10,BEVZILLA PRIVATE LIMITED,1
2026-08-10,DABSTER INTERNATIONAL PRIVATE LIMITED,7
2026-08-10,DEALCLIQ TECHNOLOGY PRIVATE LIMITED,2
2026-08-10,DYNAMIC MARKETTING SOLUTION,16
2026-08-10,GAVYAMART,1
2026-08-10,GEEKVERSE VENTURES LLP,1
2026-08-10,Geeklane.in,1
2026-08-10,Go5 Incorporation,65
2026-08-10,Goodveda Health Labs Pvt Ltd,1
2026-08-10,HITESH JAIN,24
2026-08-10,Health Veda Organics,1
2026-08-10,Herbal Mitra,2
2026-08-10,In鈥檒ief,1
2026-08-10,J3J ECOM PRIVATE LIMITED,1
2026-08-10,JUGAL KANT SHARMA,1
2026-08-10,MAYANK KWATRA,9
2026-08-10,NAMMA DABBA PRIVATE LIMITED,18
2026-08-10,NUTS DELISH PRIVATE LIMITED,2
2026-08-10,Order Status,22
2026-08-10,PANDA,17
2026-08-10,QUICKCOM SOLUTIONS PRIVATE LIMITED,7
2026-08-10,RITI ARORA,105
2026-08-10,RedroomTechnology Private Limited,1
2026-08-10,SUPER CLONE ENTERPRISES (OPC) PRIVATE LIMITED,33
2026-08-10,ShopeeQ.com,193
2026-08-10,Sproutlife Foods Pvt ltd,18
2026-08-10,Visage lines Personal Care Pvt Ltd,197
2026-08-10,ZENMAY JAI SINGH NEGI,2
2026-08-10,ZIBBRI INDIA PRIVATE LIMITED,3
2026-08-10,ZYNTRIX LIFESTYLE LLP,35
2026-08-10,nPure Life Science Pvt Ltd,1
2026-08-11,AKHILESH ARUN UNDIRWADE,1
2026-08-11,ANSH SABHARWAL,33
2026-08-11,APIC Inc.,2
2026-08-11,ARTI KAPOOR,456
2026-08-11,Amitva retail,7
2026-08-11,BEATFUS PRODUCTS PRIVATE LIMITED,4
2026-08-11,Bigsmall gifts pvt mtd,1
2026-08-11,DABSTER INTERNATIONAL PRIVATE LIMITED,3
2026-08-11,DYNAMIC MARKETTING SOLUTION,16
2026-08-11,EVOLVE SNACKS PRIVATE LIMITED,1
2026-08-11,Go5 Incorporation,84
2026-08-11,HITESH JAIN,36
2026-08-11,INLOOP STUDIO,1
2026-08-11,In鈥檒ief,2
2026-08-11,JUGAL KANT SHARMA,1
2026-08-11,NAM NAM,1
2026-08-11,NAMMA DABBA PRIVATE LIMITED,14
2026-08-11,NUTS DELISH PRIVATE LIMITED,1
2026-08-11,Order Status,9
2026-08-11,PANDA,11
2026-08-11,QUICKCOM SOLUTIONS PRIVATE LIMITED,6
2026-08-11,RITI ARORA,72
2026-08-11,SUPER CLONE ENTERPRISES (OPC) PRIVATE LIMITED,96
2026-08-11,ShopeeQ.com,164
2026-08-11,Silver Leaf Tea Pvt. Ltd.,1
2026-08-11,Sproutlife Foods Pvt ltd,17
2026-08-11,The Snack Company,1
2026-08-11,Visage lines Personal Care Pvt Ltd,173
2026-08-11,WILD CHILD ENTERPRISES PRIVATE LIMITED,1
2026-08-11,ZAYDN SNEAKERS PRIVATE LIMITED,1
2026-08-11,ZENMAY JAI SINGH NEGI,3
2026-08-11,ZIBBRI INDIA PRIVATE LIMITED,2
2026-08-11,ZYNTRIX LIFESTYLE LLP,23
2026-08-12,ALPHAWALK SERVICES LLP,3
2026-08-12,ANSH SABHARWAL,47
2026-08-12,ARTI KAPOOR,430
2026-08-12,Amitva retail,12
2026-08-12,BEATFUS PRODUCTS PRIVATE LIMITED,5
2026-08-12,DABSTER INTERNATIONAL PRIVATE LIMITED,5
2026-08-12,DHANTA WELLNESS PRIVATE LIMITED,1
2026-08-12,DYNAMIC MARKETTING SOLUTION,18
2026-08-12,EYEWEAR SOLUTIONS,1
2026-08-12,FitFeast,2
2026-08-12,GEEKVERSE VENTURES LLP,1
2026-08-12,GEMIES CONSUMER PRIVATE LIMITED,2
2026-08-12,Geeklane.in,2
2026-08-12,Go5 Incorporation,75
2026-08-12,HITESH JAIN,42
2026-08-12,HOUSE OF KIMTI CREATIONS PRIVATE LIMITED,1
2026-08-12,Hammer,1
2026-08-12,In鈥檒ief,3
2026-08-12,JANESH AGRAWAL,1
2026-08-12,KUNSH COSMETICS,1
2026-08-12,NAMMA DABBA PRIVATE LIMITED,15
2026-08-12,NUTS DELISH PRIVATE LIMITED,1
2026-08-12,Order Status,24
2026-08-12,PANDA,11
2026-08-12,Parista Foods,1
2026-08-12,QUICKCOM SOLUTIONS PRIVATE LIMITED,10
2026-08-12,RITI ARORA,306
2026-08-12,RedroomTechnology Private Limited,5
2026-08-12,SAITECH IT PRIVATE LIMITED,1
2026-08-12,SUPER CLONE ENTERPRISES (OPC) PRIVATE LIMITED,133
2026-08-12,ShopeeQ.com,171
2026-08-12,Skate Supply India,1
2026-08-12,Sproutlife Foods Pvt ltd,12
2026-08-12,Tinkerbell Magical Solution LLP,1
2026-08-12,Visage lines Personal Care Pvt Ltd,151
2026-08-12,ZENMAY JAI SINGH NEGI,2
2026-08-12,ZIBBRI INDIA PRIVATE LIMITED,2
2026-08-12,ZYNTRIX LIFESTYLE LLP,27
2026-08-12,brillare science,1
2026-08-12,nPure Life Science Pvt Ltd,1
2026-08-13,ALPHAWALK SERVICES LLP,6
2026-08-13,AMAN KUMAR,11
2026-08-13,ANSH SABHARWAL,40
2026-08-13,APIC Inc.,1
2026-08-13,ARTI KAPOOR,429
2026-08-13,AURO FRUIT AND NUT PRIVATE LIMITED,1
2026-08-13,Amitva retail,12
2026-08-13,Athena Home,1
2026-08-13,BEATFUS PRODUCTS PRIVATE LIMITED,3
2026-08-13,Boenjoy Gifts,1
2026-08-13,DABSTER INTERNATIONAL PRIVATE LIMITED,10
2026-08-13,DAILY BOTANIX LLP,1
2026-08-13,DEALCLIQ TECHNOLOGY PRIVATE LIMITED,1
2026-08-13,DYNAMIC MARKETTING SOLUTION,14
2026-08-13,FitFeast,1
2026-08-13,GEEKVERSE VENTURES LLP,1
2026-08-13,Go5 Incorporation,75
2026-08-13,HITESH JAIN,38
2026-08-13,Hammer,1
2026-08-13,Hichkie,1
2026-08-13,INLOOP STUDIO,1
2026-08-13,In鈥檒ief,1
2026-08-13,JANESH AGRAWAL,1
2026-08-13,JUGAL KANT SHARMA,2
2026-08-13,MPG BRANDS PRIVATE LIMITED,1
2026-08-13,NAMMA DABBA PRIVATE LIMITED,12
2026-08-13,Order Status,13
2026-08-13,PANDA,5
2026-08-13,Panditata Research Technology,2
2026-08-13,Ph91 Consumer Goods India Pvt Ltd,1
2026-08-13,QUICKCOM SOLUTIONS PRIVATE LIMITED,8
2026-08-13,RITI ARORA,179
2026-08-13,RedroomTechnology Private Limited,3
2026-08-13,SELECT BRANDS INTERNATIONAL PRIVATE LIMITED,3
2026-08-13,SUPER CLONE ENTERPRISES (OPC) PRIVATE LIMITED,111
2026-08-13,ShopeeQ.com,191
2026-08-13,Sproutlife Foods Pvt ltd,22
2026-08-13,Visage lines Personal Care Pvt Ltd,111
2026-08-13,Woggles Distribution Private Limited,1
2026-08-13,ZIBBRI INDIA PRIVATE LIMITED,2
2026-08-13,ZYNTRIX LIFESTYLE LLP,28
2026-08-13,coral tree,2
2026-08-13,nPure Life Science Pvt Ltd,1
2026-08-14,ALPHAWALK SERVICES LLP,4
2026-08-14,ANSH SABHARWAL,39
2026-08-14,ARTI KAPOOR,502
2026-08-14,BEATFUS PRODUCTS PRIVATE LIMITED,1
2026-08-14,DABSTER INTERNATIONAL PRIVATE LIMITED,13
2026-08-14,DYNAMIC MARKETTING SOLUTION,7
2026-08-14,ERD INFOTECH PRIVATE LIMITED,1
2026-08-14,EYEWEAR SOLUTIONS,1
2026-08-14,FitFeast,1
2026-08-14,GEMIES CONSUMER PRIVATE LIMITED,4
2026-08-14,Go5 Incorporation,80
2026-08-14,HITESH JAIN,41
2026-08-14,HOUSE OF KIMTI CREATIONS PRIVATE LIMITED,1
2026-08-14,Hammer,1
2026-08-14,Imagine Marketing Limited.,1
2026-08-14,In鈥檒ief,1
2026-08-14,JANESH AGRAWAL,1
2026-08-14,NAMMA DABBA PRIVATE LIMITED,20
2026-08-14,NUTS DELISH PRIVATE LIMITED,1
2026-08-14,Order Status,22
2026-08-14,PANDA,13
2026-08-14,QUICKCOM SOLUTIONS PRIVATE LIMITED,11
2026-08-14,RITI ARORA,199
2026-08-14,RedroomTechnology Private Limited,5
2026-08-14,SUPER CLONE ENTERPRISES (OPC) PRIVATE LIMITED,110
2026-08-14,ShopeeQ.com,159
2026-08-14,Sproutlife Foods Pvt ltd,15
2026-08-14,Visage lines Personal Care Pvt Ltd,164
2026-08-14,WILD CHILD ENTERPRISES PRIVATE LIMITED,1
2026-08-14,ZIBBRI INDIA PRIVATE LIMITED,3
2026-08-14,ZYNTRIX LIFESTYLE LLP,22
2026-08-15,AKHILESH ARUN UNDIRWADE,1
2026-08-15,ALPHAWALK SERVICES LLP,5
2026-08-15,ANSH SABHARWAL,30
2026-08-15,ARTI KAPOOR,413
2026-08-15,ASQUARE FOOD & BEVERAGES PVT LTD,1
2026-08-15,DABSTER INTERNATIONAL PRIVATE LIMITED,11
2026-08-15,DAILY BOTANIX LLP,6
2026-08-15,DYNAMIC MARKETTING SOLUTION,15
2026-08-15,ERD INFOTECH PRIVATE LIMITED,1
2026-08-15,GEMIES CONSUMER PRIVATE LIMITED,1
2026-08-15,Go5 Incorporation,63
2026-08-15,HITESH JAIN,30
2026-08-15,Hammer,1
2026-08-15,INAARA WELLNESS PRIVATE LIMITED,1
2026-08-15,In鈥檒ief,2
2026-08-15,NAMMA DABBA PRIVATE LIMITED,29
2026-08-15,NUTS DELISH PRIVATE LIMITED,3
2026-08-15,Order Status,13
2026-08-15,PANDA,7
2026-08-15,PT INVENT INIDA PRIVATE LIMITED,1
2026-08-15,Panditata Research Technology,1
2026-08-15,QUICKCOM SOLUTIONS PRIVATE LIMITED,12
2026-08-15,RITI ARORA,30
2026-08-15,RX INFOTECH PRIVATE LIMITED,1
2026-08-15,RedroomTechnology Private Limited,3
2026-08-15,SAITECH IT PRIVATE LIMITED,1
2026-08-15,SELECT BRANDS INTERNATIONAL PRIVATE LIMITED,1
2026-08-15,SUPER CLONE ENTERPRISES (OPC) PRIVATE LIMITED,72
2026-08-15,ShopeeQ.com,177
2026-08-15,Sproutlife Foods Pvt ltd,8
2026-08-15,StarCap Wellness Private Limited,1
2026-08-15,Visage lines Personal Care Pvt Ltd,119
2026-08-15,ZENMAY JAI SINGH NEGI,1
2026-08-15,ZIBBRI INDIA PRIVATE LIMITED,2
2026-08-15,ZYNTRIX LIFESTYLE LLP,19
2026-08-16,ALPHAWALK SERVICES LLP,7
2026-08-16,ANSH SABHARWAL,32
2026-08-16,ARTI KAPOOR,439
2026-08-16,ASQUARE FOOD & BEVERAGES PVT LTD,102
2026-08-16,Anand gift emporium,1
2026-08-16,BEATFUS PRODUCTS PRIVATE LIMITED,1
2026-08-16,Blingbrands Private Limited,1
2026-08-16,DABSTER INTERNATIONAL PRIVATE LIMITED,3
2026-08-16,DAILY BOTANIX LLP,4
2026-08-16,DYNAMIC MARKETTING SOLUTION,25
2026-08-16,ERD INFOTECH PRIVATE LIMITED,1
2026-08-16,EYEWEAR SOLUTIONS,1
2026-08-16,FitFeast,1
2026-08-16,GEMIES CONSUMER PRIVATE LIMITED,4
2026-08-16,Go5 Incorporation,55
2026-08-16,HITESH JAIN,31
2026-08-16,JANESH AGRAWAL,1
2026-08-16,JUGAL KANT SHARMA,3
2026-08-16,LUNAER WORLD PRIVATE LIMITED,1
2026-08-16,Lujotrends pvt ltd,1
2026-08-16,Medisure Inc.,1
2026-08-16,NAMMA DABBA PRIVATE LIMITED,12
2026-08-16,NUTS DELISH PRIVATE LIMITED,2
2026-08-16,Order Status,6
2026-08-16,PANDA,4
2026-08-16,Ph91 Consumer Goods India Pvt Ltd,1
2026-08-16,QUICKCOM SOLUTIONS PRIVATE LIMITED,9
2026-08-16,RITI ARORA,13
2026-08-16,RedroomTechnology Private Limited,2
2026-08-16,SUPER CLONE ENTERPRISES (OPC) PRIVATE LIMITED,72
2026-08-16,ShopeeQ.com,175
2026-08-16,Sproutlife Foods Pvt ltd,11
2026-08-16,Visage lines Personal Care Pvt Ltd,112
2026-08-16,ZIBBRI INDIA PRIVATE LIMITED,2
2026-08-16,ZYNTRIX LIFESTYLE LLP,24
2026-08-16,wanderlooms,1
2026-08-17,ALPHAWALK SERVICES LLP,4
2026-08-17,ANSH SABHARWAL,41
2026-08-17,ARTI KAPOOR,428
2026-08-17,ASQUARE FOOD & BEVERAGES PVT LTD,16
2026-08-17,AZURETALE PRIVATE LIMITED,1
2026-08-17,Anand gift emporium,1
2026-08-17,BEATFUS PRODUCTS PRIVATE LIMITED,2
2026-08-17,DABSTER INTERNATIONAL PRIVATE LIMITED,8
2026-08-17,DAILY BOTANIX LLP,2
2026-08-17,DEALCLIQ TECHNOLOGY PRIVATE LIMITED,1
2026-08-17,DHANTA WELLNESS PRIVATE LIMITED,1
2026-08-17,DYNAMIC MARKETTING SOLUTION,23
2026-08-17,ERA Botanics,1
2026-08-17,GEMIES CONSUMER PRIVATE LIMITED,5
2026-08-17,Go5 Incorporation,71
2026-08-17,HITESH JAIN,29
2026-08-17,Hammer,1
2026-08-17,JANESH AGRAWAL,1
2026-08-17,MAYANK KWATRA,1
2026-08-17,Minimalist,2
2026-08-17,NAMMA DABBA PRIVATE LIMITED,14
2026-08-17,NUTS DELISH PRIVATE LIMITED,1
2026-08-17,Order Status,16
2026-08-17,PALRED ELECTRONICS PRIVATE LIMITED,1
2026-08-17,PANDA,8
2026-08-17,QUBO SMART LIVING PRIVATE LIMITED,1
2026-08-17,QUICKCOM SOLUTIONS PRIVATE LIMITED,3
2026-08-17,RITI ARORA,17
2026-08-17,RedroomTechnology Private Limited,2
2026-08-17,Renu Kansal,1
2026-08-17,SUPER CLONE ENTERPRISES (OPC) PRIVATE LIMITED,77
2026-08-17,ShopeeQ.com,184
2026-08-17,Sproutlife Foods Pvt ltd,13
2026-08-17,Visage lines Personal Care Pvt Ltd,142
2026-08-17,ZENMAY JAI SINGH NEGI,2
2026-08-17,ZIBBRI INDIA PRIVATE LIMITED,1
2026-08-17,ZYNTRIX LIFESTYLE LLP,29
2026-08-18,ALPHAWALK SERVICES LLP,2
2026-08-18,AMAN KUMAR,1
2026-08-18,ANSH SABHARWAL,51
2026-08-18,ARTI KAPOOR,387
2026-08-18,ASQUARE FOOD & BEVERAGES PVT LTD,41
2026-08-18,Anand gift emporium,1
2026-08-18,BEATFUS PRODUCTS PRIVATE LIMITED,3
2026-08-18,BEVZILLA PRIVATE LIMITED,1
2026-08-18,DABSTER INTERNATIONAL PRIVATE LIMITED,7
2026-08-18,DAILY BOTANIX LLP,1
2026-08-18,DYNAMIC MARKETTING SOLUTION,23
2026-08-18,FitFeast,1
2026-08-18,GEEKVERSE VENTURES LLP,1
2026-08-18,GEMIES CONSUMER PRIVATE LIMITED,3
2026-08-18,Go5 Incorporation,173
2026-08-18,HITESH JAIN,43
2026-08-18,Hammer,1
2026-08-18,Health Veda Organics,1
2026-08-18,In鈥檒ief,1
2026-08-18,MPG BRANDS PRIVATE LIMITED,2
2026-08-18,NAMMA DABBA PRIVATE LIMITED,18
2026-08-18,NUTS DELISH PRIVATE LIMITED,1
2026-08-18,Order Status,6
2026-08-18,PANDA,7
2026-08-18,QUICKCOM SOLUTIONS PRIVATE LIMITED,7
2026-08-18,RITI ARORA,41
2026-08-18,RedroomTechnology Private Limited,2
2026-08-18,Renu Kansal,6
2026-08-18,SUPER CLONE ENTERPRISES (OPC) PRIVATE LIMITED,38
2026-08-18,ShopeeQ.com,158
2026-08-18,Sproutlife Foods Pvt ltd,14
2026-08-18,TEVOS PHARMACEUTICALS,1
2026-08-18,Visage lines Personal Care Pvt Ltd,161
2026-08-18,ZENMAY JAI SINGH NEGI,2
2026-08-18,ZIBBRI INDIA PRIVATE LIMITED,2
2026-08-18,ZYNTRIX LIFESTYLE LLP,22
2026-08-18,brillare science,2
2026-08-18,coral tree,1
2026-08-18,nPure Life Science Pvt Ltd,1
2026-08-19,ALPHAWALK SERVICES LLP,3
2026-08-19,AMAN KUMAR,12
2026-08-19,ANSH SABHARWAL,43
2026-08-19,ARTI KAPOOR,399
2026-08-19,ASQUARE FOOD & BEVERAGES PVT LTD,45
2026-08-19,BEATFUS PRODUCTS PRIVATE LIMITED,5
2026-08-19,DABSTER INTERNATIONAL PRIVATE LIMITED,22
2026-08-19,DAILY BOTANIX LLP,1
2026-08-19,DYNAMIC MARKETTING SOLUTION,139
2026-08-19,ELITE LIFESTYLE,1
2026-08-19,ERA Botanics,1
2026-08-19,GEEKVERSE VENTURES LLP,1
2026-08-19,GEMIES CONSUMER PRIVATE LIMITED,1
2026-08-19,Go5 Incorporation,107
2026-08-19,HITESH JAIN,36
2026-08-19,INLOOP STUDIO,1
2026-08-19,In鈥檒ief,1
2026-08-19,JUGAL KANT SHARMA,2
2026-08-19,Man-Solid by Eqraa Corporation LLP,1
2026-08-19,NAMMA DABBA PRIVATE LIMITED,13
2026-08-19,NUTS DELISH PRIVATE LIMITED,2
2026-08-19,Nuworld Retail Private Limited,11
2026-08-19,ONETAIL BRANDS TECHNOLOGIES PRIVATE LIMITED,33
2026-08-19,Order Status,11
2026-08-19,PANDA,11
2026-08-19,QUICKCOM SOLUTIONS PRIVATE LIMITED,9
2026-08-19,RITI ARORA,18
2026-08-19,RedroomTechnology Private Limited,2
2026-08-19,Renu Kansal,8
2026-08-19,SNAXUP HEALTHY FOODS INDIA PVT LTD,1
2026-08-19,SUPER CLONE ENTERPRISES (OPC) PRIVATE LIMITED,34
2026-08-19,ShopeeQ.com,142
2026-08-19,Sproutlife Foods Pvt ltd,11
2026-08-19,UBON,8
2026-08-19,Visage lines Personal Care Pvt Ltd,184
2026-08-19,ZENMAY JAI SINGH NEGI,2
2026-08-19,ZIBBRI INDIA PRIVATE LIMITED,1
2026-08-19,ZYNTRIX LIFESTYLE LLP,19
2026-08-19,brillare science,1
2026-08-19,nPure Life Science Pvt Ltd,1
2026-08-20,AJAY HINGORANI,1
2026-08-20,ALPHAWALK SERVICES LLP,3
2026-08-20,AMAN KUMAR,13
2026-08-20,ANSH SABHARWAL,31
2026-08-20,ARTI KAPOOR,416
2026-08-20,ASQUARE FOOD & BEVERAGES PVT LTD,10786
2026-08-20,BEATFUS PRODUCTS PRIVATE LIMITED,1
2026-08-20,DABSTER INTERNATIONAL PRIVATE LIMITED,18
2026-08-20,DAILY BOTANIX LLP,7
2026-08-20,DYNAMIC MARKETTING SOLUTION,226
2026-08-20,FitFeast,1
2026-08-20,GEMIES CONSUMER PRIVATE LIMITED,4
2026-08-20,Geeklane.in,1
2026-08-20,Go5 Incorporation,87
2026-08-20,HITESH JAIN,37
2026-08-20,HYPERTEXT MARKETING PRIVATE LIMITED,1
2026-08-20,Hichkie,1
2026-08-20,KALAKARI FILM AWARDS & FESTIVAL PRIVATE LIMITED,13
2026-08-20,Minimalist,1
2026-08-20,NAMMA DABBA PRIVATE LIMITED,20
2026-08-20,NATURE MANIA INDIA PRIVATE LIMITED,1
2026-08-20,Nuworld Retail Private Limited,26
2026-08-20,ONETAIL BRANDS TECHNOLOGIES PRIVATE LIMITED,66
2026-08-20,Order Status,12
2026-08-20,PANDA,8
2026-08-20,QUICKCOM SOLUTIONS PRIVATE LIMITED,9
2026-08-20,RITI ARORA,21
2026-08-20,RedroomTechnology Private Limited,3
2026-08-20,Renu Kansal,9
2026-08-20,SUPER CLONE ENTERPRISES (OPC) PRIVATE LIMITED,120
2026-08-20,ShopeeQ.com,149
2026-08-20,Sproutlife Foods Pvt ltd,11
2026-08-20,Thiya Farms LLP,1
2026-08-20,UBON,17
2026-08-20,URBAN NUTRITION PRIVATE LIMITED,1
2026-08-20,Visage lines Personal Care Pvt Ltd,221
2026-08-20,ZENMAY JAI SINGH NEGI,1
2026-08-20,ZYNTRIX LIFESTYLE LLP,23
2026-08-20,brillare science,1
2026-08-20,nPure Life Science Pvt Ltd,1
2026-08-21,ALPHAWALK SERVICES LLP,5
2026-08-21,AMAN KUMAR,26
2026-08-21,ANSH SABHARWAL,29
2026-08-21,ARTI KAPOOR,348
2026-08-21,ASQUARE FOOD & BEVERAGES PVT LTD,10047
2026-08-21,Beaming Child,1
2026-08-21,DABSTER INTERNATIONAL PRIVATE LIMITED,8
2026-08-21,DAILY BOTANIX LLP,14
2026-08-21,DYNAMIC MARKETTING SOLUTION,208
2026-08-21,GEMIES CONSUMER PRIVATE LIMITED,2
2026-08-21,Go5 Incorporation,87
2026-08-21,HITESH JAIN,24
2026-08-21,Hammer,3
2026-08-21,Hichkie,1
2026-08-21,INAARA WELLNESS PRIVATE LIMITED,1
2026-08-21,KALAKARI FILM AWARDS & FESTIVAL PRIVATE LIMITED,36
2026-08-21,LUNAER WORLD PRIVATE LIMITED,2
2026-08-21,MANJU KAMAL KISHOR GUPTA GUPTA,1
2026-08-21,MPG BRANDS PRIVATE LIMITED,1
2026-08-21,NAMMA DABBA PRIVATE LIMITED,21
2026-08-21,NUTS DELISH PRIVATE LIMITED,1
2026-08-21,Nuworld Retail Private Limited,10
2026-08-21,ONETAIL BRANDS TECHNOLOGIES PRIVATE LIMITED,77
2026-08-21,Order Status,21
2026-08-21,PANDA,9
2026-08-21,QUICKCOM SOLUTIONS PRIVATE LIMITED,3
2026-08-21,Quick_9810565049,1
2026-08-21,RITI ARORA,25
2026-08-21,RedroomTechnology Private Limited,4
2026-08-21,Renu Kansal,1
2026-08-21,SHIPROCKET MERCHANT APP PRIVATE LIMITED,1
2026-08-21,SUPER CLONE ENTERPRISES (OPC) PRIVATE LIMITED,111
2026-08-21,ShopeeQ.com,148
2026-08-21,Sproutlife Foods Pvt ltd,17
2026-08-21,UBON,22
2026-08-21,Visage lines Personal Care Pvt Ltd,253
2026-08-21,ZIBBRI INDIA PRIVATE LIMITED,2
2026-08-21,ZYNTRIX LIFESTYLE LLP,25
2026-08-22,ALPHAWALK SERVICES LLP,15
2026-08-22,AMAN KUMAR,36
2026-08-22,ANSH SABHARWAL,42
2026-08-22,ARTI KAPOOR,336
2026-08-22,ASQUARE FOOD & BEVERAGES PVT LTD,413
2026-08-22,AURO FRUIT AND NUT PRIVATE LIMITED,1
2026-08-22,BEATFUS PRODUCTS PRIVATE LIMITED,1
2026-08-22,Banjaara,1
2026-08-22,DABSTER INTERNATIONAL PRIVATE LIMITED,11
2026-08-22,DAILY BOTANIX LLP,11
2026-08-22,DEALCLIQ TECHNOLOGY PRIVATE LIMITED,1
2026-08-22,DYNAMIC MARKETTING SOLUTION,192
2026-08-22,EYEWEAR SOLUTIONS,1
2026-08-22,Go5 Incorporation,72
2026-08-22,HASAN OUD,1
2026-08-22,HITESH JAIN,32
2026-08-22,Hammer,1
2026-08-22,Health Veda Organics,1
2026-08-22,INLOOP STUDIO,1
2026-08-22,KALAKARI FILM AWARDS & FESTIVAL PRIVATE LIMITED,28
2026-08-22,LUNAER WORLD PRIVATE LIMITED,2
2026-08-22,MAYANK KWATRA,1
2026-08-22,Man-Solid by Eqraa Corporation LLP,2
2026-08-22,NAMMA DABBA PRIVATE LIMITED,14
2026-08-22,NOVATEOR RESEARCH LABORATORIES  LIMITED,1
2026-08-22,Nuworld Retail Private Limited,12
2026-08-22,ONETAIL BRANDS TECHNOLOGIES PRIVATE LIMITED,38
2026-08-22,Order Status,42
2026-08-22,PANDA,10
2026-08-22,Ph91 Consumer Goods India Pvt Ltd,2
2026-08-22,QUICKCOM SOLUTIONS PRIVATE LIMITED,10
2026-08-22,RITI ARORA,10
2026-08-22,RedroomTechnology Private Limited,4
2026-08-22,Renu Kansal,4
2026-08-22,SUPER CLONE ENTERPRISES (OPC) PRIVATE LIMITED,80
2026-08-22,ShopeeQ.com,120
2026-08-22,Sproutlife Foods Pvt ltd,11
2026-08-22,Tinkerbell Magical Solution LLP,1
2026-08-22,UBON,15
2026-08-22,Visage lines Personal Care Pvt Ltd,264
2026-08-22,ZAYDN SNEAKERS PRIVATE LIMITED,1
2026-08-22,ZENMAY JAI SINGH NEGI,3
2026-08-22,ZIBBRI INDIA PRIVATE LIMITED,3
2026-08-22,ZYNTRIX LIFESTYLE LLP,16
2026-08-23,ALPHAWALK SERVICES LLP,6
2026-08-23,AMAN KUMAR,55
2026-08-23,ANSH SABHARWAL,24
2026-08-23,ARTI KAPOOR,298
2026-08-23,ASQUARE FOOD & BEVERAGES PVT LTD,498
2026-08-23,BEATFUS PRODUCTS PRIVATE LIMITED,2
2026-08-23,Bigsmall gifts pvt mtd,1
2026-08-23,DABSTER INTERNATIONAL PRIVATE LIMITED,12
2026-08-23,DAILY BOTANIX LLP,17
2026-08-23,DYNAMIC MARKETTING SOLUTION,170
2026-08-23,ERD INFOTECH PRIVATE LIMITED,1
2026-08-23,FitFeast,2
2026-08-23,GUARDIAN HEALTHCARE SERVICES PRIVATE LIMITED,1
2026-08-23,Geeklane.in,1
2026-08-23,Go5 Incorporation,76
2026-08-23,HITESH JAIN,39
2026-08-23,Hammer,1
2026-08-23,KALAKARI FILM AWARDS & FESTIVAL PRIVATE LIMITED,29
2026-08-23,Lujotrends pvt ltd,1
2026-08-23,NAM NAM,1
2026-08-23,NAMMA DABBA PRIVATE LIMITED,19
2026-08-23,NUTS DELISH PRIVATE LIMITED,1
2026-08-23,Nuworld Retail Private Limited,6
2026-08-23,ONETAIL BRANDS TECHNOLOGIES PRIVATE LIMITED,57
2026-08-23,Order Status,25
2026-08-23,PANDA,6
2026-08-23,Panditata Research Technology,1
2026-08-23,Ph91 Consumer Goods India Pvt Ltd,2
2026-08-23,QUICKCOM SOLUTIONS PRIVATE LIMITED,9
2026-08-23,RITI ARORA,9
2026-08-23,RedroomTechnology Private Limited,3
2026-08-23,Renu Kansal,4
2026-08-23,SUPER CLONE ENTERPRISES (OPC) PRIVATE LIMITED,82
2026-08-23,ShopeeQ.com,125
2026-08-23,Sproutlife Foods Pvt ltd,19
2026-08-23,UBON,19
2026-08-23,Vamanand technokraft pvt ltd,1
2026-08-23,Visage lines Personal Care Pvt Ltd,249
2026-08-23,ZENMAY JAI SINGH NEGI,2
2026-08-23,ZIBBRI INDIA PRIVATE LIMITED,4
2026-08-23,ZYNTRIX LIFESTYLE LLP,18
2026-08-23,brillare science,1
2026-08-23,nPure Life Science Pvt Ltd,3
2026-08-24,ALPHAWALK SERVICES LLP,4
2026-08-24,AMAN KUMAR,38
2026-08-24,ANSH SABHARWAL,35
2026-08-24,ARTI KAPOOR,360
2026-08-24,ASQUARE FOOD & BEVERAGES PVT LTD,335
2026-08-24,AYUMCURE HERBS PRIVATE LIMITED,1
2026-08-24,BEATFUS PRODUCTS PRIVATE LIMITED,5
2026-08-24,BellOPages.com,1
2026-08-24,Blingbrands Private Limited,1
2026-08-24,DABSTER INTERNATIONAL PRIVATE LIMITED,11
2026-08-24,DAILY BOTANIX LLP,14
2026-08-24,DYNAMIC MARKETTING SOLUTION,196
2026-08-24,EYEWEAR SOLUTIONS,1
2026-08-24,GEEKVERSE VENTURES LLP,1
2026-08-24,Go5 Incorporation,94
2026-08-24,HITESH JAIN,38
2026-08-24,Hammer,1
2026-08-24,JUGAL KANT SHARMA,2
2026-08-24,KALAKARI FILM AWARDS & FESTIVAL PRIVATE LIMITED,23
2026-08-24,NAMMA DABBA PRIVATE LIMITED,26
2026-08-24,NUTS DELISH PRIVATE LIMITED,1
2026-08-24,Nuworld Retail Private Limited,14
2026-08-24,ONETAIL BRANDS TECHNOLOGIES PRIVATE LIMITED,56
2026-08-24,Order Status,9
2026-08-24,PANDA,15
2026-08-24,Ph91 Consumer Goods India Pvt Ltd,1
2026-08-24,Prashant Panjwani,1
2026-08-24,QUICKCOM SOLUTIONS PRIVATE LIMITED,9
2026-08-24,RITI ARORA,13
2026-08-24,RedroomTechnology Private Limited,3
2026-08-24,Renu Kansal,3
2026-08-24,SUPER CLONE ENTERPRISES (OPC) PRIVATE LIMITED,75
2026-08-24,ShopeeQ.com,146
2026-08-24,Sproutlife Foods Pvt ltd,14
2026-08-24,UBON,34
2026-08-24,Visage lines Personal Care Pvt Ltd,269
2026-08-24,ZIBBRI INDIA PRIVATE LIMITED,3
2026-08-24,ZYNTRIX LIFESTYLE LLP,19
2026-08-24,brillare science,1
2026-08-24,nPure Life Science Pvt Ltd,1
2026-08-25,ALPHAWALK SERVICES LLP,2
2026-08-25,AMAN KUMAR,67
2026-08-25,ANSH SABHARWAL,50
2026-08-25,ARTI KAPOOR,431
2026-08-25,ASQUARE FOOD & BEVERAGES PVT LTD,239
2026-08-25,BEATFUS PRODUCTS PRIVATE LIMITED,6
2026-08-25,DABSTER INTERNATIONAL PRIVATE LIMITED,9
2026-08-25,DAILY BOTANIX LLP,9
2026-08-25,DYNAMIC MARKETTING SOLUTION,187
2026-08-25,Go5 Incorporation,67
2026-08-25,HITESH JAIN,33
2026-08-25,INLOOP STUDIO,1
2026-08-25,KALAKARI FILM AWARDS & FESTIVAL PRIVATE LIMITED,31
2026-08-25,MAYANK KWATRA,1
2026-08-25,NAMMA DABBA PRIVATE LIMITED,38
2026-08-25,Nuworld Retail Private Limited,9
2026-08-25,ONETAIL BRANDS TECHNOLOGIES PRIVATE LIMITED,63
2026-08-25,Order Status,12
2026-08-25,PANDA,11
2026-08-25,Ph91 Consumer Goods India Pvt Ltd,1
2026-08-25,QUICKCOM SOLUTIONS PRIVATE LIMITED,12
2026-08-25,Quick_9810565049,1
2026-08-25,RITI ARORA,9
2026-08-25,Renu Kansal,1
2026-08-25,SUPER CLONE ENTERPRISES (OPC) PRIVATE LIMITED,64
2026-08-25,ShopeeQ.com,120
2026-08-25,Sproutlife Foods Pvt ltd,9
2026-08-25,UBON,22
2026-08-25,Visage lines Personal Care Pvt Ltd,266
2026-08-25,ZIBBRI INDIA PRIVATE LIMITED,3
2026-08-25,ZYNTRIX LIFESTYLE LLP,23
2026-08-26,ALPHAWALK SERVICES LLP,7
2026-08-26,AMAN KUMAR,95
2026-08-26,ANSH SABHARWAL,36
2026-08-26,ARTI KAPOOR,388
2026-08-26,ASQUARE FOOD & BEVERAGES PVT LTD,90
2026-08-26,BEATFUS PRODUCTS PRIVATE LIMITED,5
2026-08-26,DABSTER INTERNATIONAL PRIVATE LIMITED,12
2026-08-26,DAILY BOTANIX LLP,15
2026-08-26,DYNAMIC MARKETTING SOLUTION,231
2026-08-26,GEEKVERSE VENTURES LLP,2
2026-08-26,Geeklane.in,1
2026-08-26,Go5 Incorporation,68
2026-08-26,HASAN OUD,1
2026-08-26,HITESH JAIN,49
2026-08-26,KALAKARI FILM AWARDS & FESTIVAL PRIVATE LIMITED,32
2026-08-26,Man-Solid by Eqraa Corporation LLP,1
2026-08-26,NAMMA DABBA PRIVATE LIMITED,22
2026-08-26,NUTS DELISH PRIVATE LIMITED,1
2026-08-26,Nuworld Retail Private Limited,5
2026-08-26,ONETAIL BRANDS TECHNOLOGIES PRIVATE LIMITED,60
2026-08-26,Order Status,8
2026-08-26,PANDA,8
2026-08-26,QUICKCOM SOLUTIONS PRIVATE LIMITED,15
2026-08-26,RITI ARORA,23
2026-08-26,RedroomTechnology Private Limited,3
2026-08-26,SELECT BRANDS INTERNATIONAL PRIVATE LIMITED,1
2026-08-26,SUPER CLONE ENTERPRISES (OPC) PRIVATE LIMITED,85
2026-08-26,ShopeeQ.com,155
2026-08-26,Sproutlife Foods Pvt ltd,13
2026-08-26,The Snack Company,1
2026-08-26,UBON,15
2026-08-26,Visage lines Personal Care Pvt Ltd,258
2026-08-26,ZENMAY JAI SINGH NEGI,2
2026-08-26,ZIBBRI INDIA PRIVATE LIMITED,1
2026-08-26,ZYNTRIX LIFESTYLE LLP,24
2026-08-26,nPure Life Science Pvt Ltd,3
2026-08-27,ALPHAWALK SERVICES LLP,4
2026-08-27,AMAN KUMAR,63
2026-08-27,ANSH SABHARWAL,38
2026-08-27,ARTI KAPOOR,367
2026-08-27,ASQUARE FOOD & BEVERAGES PVT LTD,93
2026-08-27,BEATFUS PRODUCTS PRIVATE LIMITED,2
2026-08-27,DABSTER INTERNATIONAL PRIVATE LIMITED,6
2026-08-27,DAILY BOTANIX LLP,11
2026-08-27,DYNAMIC MARKETTING SOLUTION,249
2026-08-27,Go5 Incorporation,73
2026-08-27,HITESH JAIN,39
2026-08-27,HYPERTEXT MARKETING PRIVATE LIMITED,1
2026-08-27,KALAKARI FILM AWARDS & FESTIVAL PRIVATE LIMITED,44
2026-08-27,NAMMA DABBA PRIVATE LIMITED,19
2026-08-27,Nuworld Retail Private Limited,3
2026-08-27,ONETAIL BRANDS TECHNOLOGIES PRIVATE LIMITED,64
2026-08-27,Order Status,4
2026-08-27,PANDA,12
2026-08-27,QUICKCOM SOLUTIONS PRIVATE LIMITED,16
2026-08-27,RITI ARORA,36
2026-08-27,RedroomTechnology Private Limited,2
2026-08-27,Renu Kansal,1
2026-08-27,SUPER CLONE ENTERPRISES (OPC) PRIVATE LIMITED,59
2026-08-27,ShopeeQ.com,110
2026-08-27,Sproutlife Foods Pvt ltd,7
2026-08-27,UBON,25
2026-08-27,Urban Essentials India Pvt Ltd,1
2026-08-27,Visage lines Personal Care Pvt Ltd,270
2026-08-27,ZENMAY JAI SINGH NEGI,1
2026-08-27,ZIBBRI INDIA PRIVATE LIMITED,4
2026-08-27,ZYNTRIX LIFESTYLE LLP,29
2026-08-28,ALPHAWALK SERVICES LLP,2
2026-08-28,AMAN KUMAR,71
2026-08-28,ANSH SABHARWAL,42
2026-08-28,ARTI KAPOOR,362
2026-08-28,ASQUARE FOOD & BEVERAGES PVT LTD,53
2026-08-28,BEATFUS PRODUCTS PRIVATE LIMITED,2
2026-08-28,Blingbrands Private Limited,1
2026-08-28,DABSTER INTERNATIONAL PRIVATE LIMITED,4
2026-08-28,DAILY BOTANIX LLP,16
2026-08-28,DYNAMIC MARKETTING SOLUTION,235
2026-08-28,Go5 Incorporation,58
2026-08-28,HITESH JAIN,35
2026-08-28,Hammer,2
2026-08-28,Health Veda Organics,1
2026-08-28,JUGAL KANT SHARMA,1
2026-08-28,KALAKARI FILM AWARDS & FESTIVAL PRIVATE LIMITED,21
2026-08-28,L avenour Lifestyle Private Limited,1
2026-08-28,NAMMA DABBA PRIVATE LIMITED,36
2026-08-28,Nuworld Retail Private Limited,6
2026-08-28,ONETAIL BRANDS TECHNOLOGIES PRIVATE LIMITED,76
2026-08-28,Order Status,5
2026-08-28,PANDA,9
2026-08-28,QUICKCOM SOLUTIONS PRIVATE LIMITED,14
2026-08-28,RITI ARORA,176
2026-08-28,Renu Kansal,6
2026-08-28,SUPER CLONE ENTERPRISES (OPC) PRIVATE LIMITED,54
2026-08-28,ShopeeQ.com,103
2026-08-28,Sproutlife Foods Pvt ltd,8
2026-08-28,UBON,31
2026-08-28,Visage lines Personal Care Pvt Ltd,314
2026-08-28,ZIBBRI INDIA PRIVATE LIMITED,4
2026-08-28,ZYNTRIX LIFESTYLE LLP,23
2026-08-29,ALPHAWALK SERVICES LLP,4
2026-08-29,AMAN KUMAR,62
2026-08-29,ANSH SABHARWAL,39
2026-08-29,APIC Inc.,1
2026-08-29,ARTI KAPOOR,505
2026-08-29,ASQUARE FOOD & BEVERAGES PVT LTD,438
2026-08-29,BEATFUS PRODUCTS PRIVATE LIMITED,1
2026-08-29,DABSTER INTERNATIONAL PRIVATE LIMITED,5
2026-08-29,DAILY BOTANIX LLP,10
2026-08-29,DYNAMIC MARKETTING SOLUTION,275
2026-08-29,ERA Botanics,1
2026-08-29,GEEKVERSE VENTURES LLP,1
2026-08-29,Go5 Incorporation,75
2026-08-29,HITESH JAIN,27
2026-08-29,HYPERTEXT MARKETING PRIVATE LIMITED,1
2026-08-29,Health Veda Organics,1
2026-08-29,Herbal Mitra,1
2026-08-29,JANESH AGRAWAL,1
2026-08-29,JUGAL KANT SHARMA,1
2026-08-29,KALAKARI FILM AWARDS & FESTIVAL PRIVATE LIMITED,40
2026-08-29,MPG BRANDS PRIVATE LIMITED,1
2026-08-29,NAMMA DABBA PRIVATE LIMITED,27
2026-08-29,NUTS DELISH PRIVATE LIMITED,3
2026-08-29,Nuworld Retail Private Limited,4
2026-08-29,ONETAIL BRANDS TECHNOLOGIES PRIVATE LIMITED,115
2026-08-29,Order Status,8
2026-08-29,PANDA,7
2026-08-29,QUICKCOM SOLUTIONS PRIVATE LIMITED,15
2026-08-29,RITI ARORA,3360
2026-08-29,RedroomTechnology Private Limited,2
2026-08-29,Renu Kansal,1
2026-08-29,SELECT BRANDS INTERNATIONAL PRIVATE LIMITED,1
2026-08-29,SUPER CLONE ENTERPRISES (OPC) PRIVATE LIMITED,124
2026-08-29,ShopeeQ.com,106
2026-08-29,Sproutlife Foods Pvt ltd,14
2026-08-29,Tinkerbell Magical Solution LLP,1
2026-08-29,UBON,27
2026-08-29,Visage lines Personal Care Pvt Ltd,289
2026-08-29,ZIBBRI INDIA PRIVATE LIMITED,1
2026-08-29,ZYNTRIX LIFESTYLE LLP,25
2026-08-30,ALPHAWALK SERVICES LLP,4
2026-08-30,AMAN KUMAR,97
2026-08-30,AMWOODO ECO PRODUCTS PRIVATE LIMITED,1
2026-08-30,ANSH SABHARWAL,42
2026-08-30,ARTI KAPOOR,447
2026-08-30,ASQUARE FOOD & BEVERAGES PVT LTD,155
2026-08-30,DABSTER INTERNATIONAL PRIVATE LIMITED,8
2026-08-30,DAILY BOTANIX LLP,17
2026-08-30,DYNAMIC MARKETTING SOLUTION,266
2026-08-30,GEEKVERSE VENTURES LLP,1
2026-08-30,Go5 Incorporation,56
2026-08-30,HITESH JAIN,28
2026-08-30,JUGAL KANT SHARMA,2
2026-08-30,KALAKARI FILM AWARDS & FESTIVAL PRIVATE LIMITED,27
2026-08-30,LOVE EARTH PVT LTD,1
2026-08-30,LUNAER WORLD PRIVATE LIMITED,2
2026-08-30,NAMMA DABBA PRIVATE LIMITED,21
2026-08-30,Nuworld Retail Private Limited,6
2026-08-30,ONETAIL BRANDS TECHNOLOGIES PRIVATE LIMITED,105
2026-08-30,Order Status,68
2026-08-30,PANDA,11
2026-08-30,Ph91 Consumer Goods India Pvt Ltd,2
2026-08-30,QUICKCOM SOLUTIONS PRIVATE LIMITED,19
2026-08-30,RITI ARORA,2426
2026-08-30,RedroomTechnology Private Limited,7
2026-08-30,Renu Kansal,1
2026-08-30,SUPER CLONE ENTERPRISES (OPC) PRIVATE LIMITED,76
2026-08-30,ShopeeQ.com,93
2026-08-30,Sproutlife Foods Pvt ltd,13
2026-08-30,Strong Choice,1
2026-08-30,UBON,21
2026-08-30,Visage lines Personal Care Pvt Ltd,227
2026-08-30,ZENMAY JAI SINGH NEGI,1
2026-08-30,ZIBBRI INDIA PRIVATE LIMITED,2
2026-08-30,ZYNTRIX LIFESTYLE LLP,24
2026-08-30,frogg international,1
2026-08-31,ALPHAWALK SERVICES LLP,1
2026-08-31,AMAN KUMAR,3
2026-08-31,ANSH SABHARWAL,2
2026-08-31,ARTI KAPOOR,6
2026-08-31,ASQUARE FOOD & BEVERAGES PVT LTD,5
2026-08-31,DYNAMIC MARKETTING SOLUTION,4
2026-08-31,Go5 Incorporation,3
2026-08-31,HITESH JAIN,1
2026-08-31,KALAKARI FILM AWARDS & FESTIVAL PRIVATE LIMITED,1
2026-08-31,ONETAIL BRANDS TECHNOLOGIES PRIVATE LIMITED,2
2026-08-31,PANDA,1
2026-08-31,RITI ARORA,4
2026-08-31,SUPER CLONE ENTERPRISES (OPC) PRIVATE LIMITED,3
2026-08-31,ShopeeQ.com,2
2026-08-31,UBON,2
2026-08-31,Visage lines Personal Care Pvt Ltd,8
2026-09-01,ABINITIO SOLUTIONS PRIVATE LIMITED,1
2026-09-01,ACWO LIFESTYLE PRIVATE LIMITED,2
2026-09-01,ADLT,3
2026-09-01,AELORIA TRILLION PARTNERS LLP,1
2026-09-01,AFTERTHOUGHT WELLNESS PRIVATE LIMITED,3
2026-09-01,AJAY HINGORANI,0
2026-09-01,AKHILESH ARUN UNDIRWADE,1
2026-09-01,ALMANDO CHOCOLATES AND CONFECTIONERY LLP,3
2026-09-01,ALPHAWALK SERVICES LLP,5
2026-09-01,AMAN KUMAR,23
2026-09-01,AMWOODO ECO PRODUCTS PRIVATE LIMITED,2
2026-09-01,ANSH SABHARWAL,35
2026-09-01,ANUPAMA BIO NATURALS PRIVATE LIMITED,0
2026-09-01,APIC Inc.,0
2026-09-01,ARTI KAPOOR,408
2026-09-01,ASQUARE FOOD & BEVERAGES PVT LTD,1392
2026-09-01,AURO FRUIT AND NUT PRIVATE LIMITED,4
2026-09-01,AYUMCURE HERBS PRIVATE LIMITED,1
2026-09-01,AZURETALE PRIVATE LIMITED,1
2026-09-01,Aabhar Ventures Private Limited,0
2026-09-01,Alluvium Retail LLP,0
2026-09-01,Amitva retail,7
2026-09-01,Anand gift emporium,1
2026-09-01,Anveya Living Pvt. Ltd.,2
2026-09-01,Ashok Batra,1
2026-09-01,Athena Home,0
2026-09-01,August Assortments Private Limited,0
2026-09-01,BEATFUS PRODUCTS PRIVATE LIMITED,2
2026-09-01,BEVZILLA PRIVATE LIMITED,1
2026-09-01,BIOEXICON LABS PRIVATE LIMITED,0
2026-09-01,BUILDOUT RETAIL PRIVATE LIMITED,0
2026-09-01,Banjaara,0
2026-09-01,Beaming Child,2
2026-09-01,BellOPages.com,1
2026-09-01,Belogical Wellness Private Limited,1
2026-09-01,Bigsmall gifts pvt mtd,0
2026-09-01,Blingbrands Private Limited,0
2026-09-01,Blissvive,1
2026-09-01,Boenjoy Gifts,0
2026-09-01,Bonneterre Foods Pvt Ltd,1
2026-09-01,Brantashop,1
2026-09-01,CAMPUSSUTRA RETAIL PRIVATE LIMITED,1
2026-09-01,Colosseum foods private limited,1
2026-09-01,DABSTER INTERNATIONAL PRIVATE LIMITED,11
2026-09-01,DAILY BOTANIX LLP,13
2026-09-01,DEALCLIQ TECHNOLOGY PRIVATE LIMITED,1
2026-09-01,DENZOUR NUTRITION PRIVATE LIMITED,1
2026-09-01,DHANTA WELLNESS PRIVATE LIMITED,0
2026-09-01,DINESH GOYAL,0
2026-09-01,DYNAMIC MARKETTING SOLUTION,93
2026-09-01,ELITE LIFESTYLE,2
2026-09-01,ERA Botanics,1
2026-09-01,ERD INFOTECH PRIVATE LIMITED,2
2026-09-01,EVOLVE SNACKS PRIVATE LIMITED,0
2026-09-01,EYEWEAR SOLUTIONS,1
2026-09-01,Ecofynd,2
2026-09-01,FONPECA PRODUCTS AND SERVICES PRIVATE LIMITED,0
2026-09-01,Farm Fresco,0
2026-09-01,FitFeast,1
2026-09-01,Flavour Sutra Private Limited,0
2026-09-01,GAVYAMART,2
2026-09-01,GEEKVERSE VENTURES LLP,1
2026-09-01,GEMIES CONSUMER PRIVATE LIMITED,5
2026-09-01,GLAM21 COSMETICS,1
2026-09-01,GO DESi MANDI PVT LTD,0
2026-09-01,GUARDIAN HEALTHCARE SERVICES PRIVATE LIMITED,1
2026-09-01,GUNIAA FASHIONS PVT LTD,2
2026-09-01,Geeklane.in,1
2026-09-01,Getsetwear Clothing,1
2026-09-01,Girveda,1
2026-09-01,Go5 Incorporation,48
2026-09-01,Goodveda Health Labs Pvt Ltd,5
2026-09-01,H K ENTERPRISES,0
2026-09-01,HALEWOOD LABORATORIES PRIVATE LIMITED,2
2026-09-01,HAMILTON SCIENCES PRIVATE LIMITED,0
2026-09-01,HASAN OUD,1
2026-09-01,HITESH JAIN,44
2026-09-01,HOUSE OF HIMALAYAS LIMITED,0
2026-09-01,HOUSE OF KIMTI CREATIONS PRIVATE LIMITED,1
2026-09-01,HYPERTEXT MARKETING PRIVATE LIMITED,0
2026-09-01,Hammer,2
2026-09-01,Health Star Naturals Pvt Ltd,0
2026-09-01,Health Veda Organics,3
2026-09-01,Herbal Mitra,0
2026-09-01,Hichkie,0
2026-09-01,IDAM NATURAL WELLNESS PRIVATE LIMITED,2
2026-09-01,INAARA WELLNESS PRIVATE LIMITED,1
2026-09-01,INLOOP STUDIO,1
2026-09-01,Imagine Marketing Limited.,3
2026-09-01,In鈥檒ief,0
2026-09-01,J3J ECOM PRIVATE LIMITED,2
2026-09-01,JAMSFA SOLUTIONS PRIVATE LIMITED,1
2026-09-01,JANESH AGRAWAL,1
2026-09-01,JUGAL KANT SHARMA,1
2026-09-01,KALAKARI FILM AWARDS & FESTIVAL PRIVATE LIMITED,28
2026-09-01,KITSTERS,0
2026-09-01,KUNSH COSMETICS,0
2026-09-01,Klean Gypsy,2
2026-09-01,L avenour Lifestyle Private Limited,2
2026-09-01,LOVE EARTH PVT LTD,1
2026-09-01,LUNAER WORLD PRIVATE LIMITED,0
2026-09-01,Lili Origin Private Limited,2
2026-09-01,Lujotrends pvt ltd,1
2026-09-01,MANJU KAMAL KISHOR GUPTA GUPTA,2
2026-09-01,MAYANK KWATRA,5
2026-09-01,MOUNTMILLER INDUSTRIES PRIVATE LIMITED,0
2026-09-01,MPG BRANDS PRIVATE LIMITED,2
2026-09-01,Mahera Ejaz Ali Bandaly,0
2026-09-01,Man-Solid by Eqraa Corporation LLP,1
2026-09-01,Medisure Inc.,1
2026-09-01,Minimalist,0
2026-09-01,NAM NAM,1
2026-09-01,NAMMA DABBA PRIVATE LIMITED,17
2026-09-01,NATURE MANIA INDIA PRIVATE LIMITED,0
2026-09-01,NILU'S COLLECTION FASHION PRIVATE LIMITED,0
2026-09-01,NINAD PRALHAD PEDNEKAR,0
2026-09-01,NISAR AHMED,0
2026-09-01,NOVATEOR RESEARCH LABORATORIES  LIMITED,0
2026-09-01,NUTS DELISH PRIVATE LIMITED,3
2026-09-01,NextGen Ecom Solutions,3
2026-09-01,Now You Know Private Limited,0
2026-09-01,Nuworld Retail Private Limited,7
2026-09-01,ONETAIL BRANDS TECHNOLOGIES PRIVATE LIMITED,71
2026-09-01,ORACURA SOLUTIONS PRIVATE LIMITED,1
2026-09-01,Order Status,20
2026-09-01,PALRED ELECTRONICS PRIVATE LIMITED,1
2026-09-01,PANDA,10
2026-09-01,PRAFFUL  BACHANI,0
2026-09-01,PRUSTLR FOODS PRIVATE LIMITED,0
2026-09-01,PT INVENT INIDA PRIVATE LIMITED,0
2026-09-01,PUJAN HARSHADBHAI DAVE,1
2026-09-01,PUREXA GLOBAL,0
2026-09-01,Panditata Research Technology,3
2026-09-01,Pangln Retail Private Limited,2
2026-09-01,Parista Foods,2
2026-09-01,Ph91 Consumer Goods India Pvt Ltd,1
2026-09-01,Poptopia Foods Private Ltd,0
2026-09-01,Prashant Panjwani,2
2026-09-01,PrimeChoice,1
2026-09-01,QUBO SMART LIVING PRIVATE LIMITED,1
2026-09-01,QUICKCOM SOLUTIONS PRIVATE LIMITED,12
2026-09-01,Quick_9810565049,1
2026-09-01,RAMAM GROUP,1
2026-09-01,RITI ARORA,498
2026-09-01,RX INFOTECH PRIVATE LIMITED,1
2026-09-01,Rawls Essential,1
2026-09-01,RedroomTechnology Private Limited,1
2026-09-01,Ren Lifestyle Solutions Pvt Ltd.,1
2026-09-01,Renu Kansal,6
2026-09-01,SADAWAY PRIVATE LIMITED,0
2026-09-01,SAITECH IT PRIVATE LIMITED,0
2026-09-01,SANATAN SANTARAM GUPTA,0
2026-09-01,SARDAR JI PAPAD WALE PRIVATE LIMITED,2
2026-09-01,SAVANI DAYABEN,9
2026-09-01,SELECT BRANDS INTERNATIONAL PRIVATE LIMITED,2
2026-09-01,SHIPROCKET MERCHANT APP PRIVATE LIMITED,2
2026-09-01,SHREE SURJAL MATA MARKETING PRIVATE LIMITED,2
2026-09-01,SIRONA HYGIENE PRIVATE LIMITED,1
2026-09-01,SIXTY9 SOLUTIONS PRIVATE LIMITED,0
2026-09-01,SNAXUP HEALTHY FOODS INDIA PVT LTD,2
2026-09-01,SUPER CLONE ENTERPRISES (OPC) PRIVATE LIMITED,56
2026-09-01,SURBHI  JAIN,0
2026-09-01,ShopeeQ.com,165
2026-09-01,Silver Leaf Tea Pvt. Ltd.,1
2026-09-01,Skate Supply India,0
2026-09-01,Sproutlife Foods Pvt ltd,12
2026-09-01,StarCap Wellness Private Limited,0
2026-09-01,Strong Choice,2
2026-09-01,Syama Crafts Pvt Ltd,0
2026-09-01,TEVOS PHARMACEUTICALS,0
2026-09-01,THE HATKE,2
2026-09-01,THE MIMEMA COMPANY,1
2026-09-01,TOM AND JERKY PRIVATE LIMITED,4
2026-09-01,TRU NATIVE F&B PRIVATE LIMITED,0
2026-09-01,Tempt Smart Private Limited,1
2026-09-01,The Snack Company,2
2026-09-01,Thiya Farms LLP,1
2026-09-01,Tinkerbell Magical Solution LLP,1
2026-09-01,UBON,17
2026-09-01,URBAN NUTRITION PRIVATE LIMITED,2
2026-09-01,Urban Essentials India Pvt Ltd,1
2026-09-01,Vamanand technokraft pvt ltd,2
2026-09-01,Visage lines Personal Care Pvt Ltd,169
2026-09-01,WAYVEDA INDIA PRIVATE LIMITED,2
2026-09-01,WILD CHILD ENTERPRISES PRIVATE LIMITED,1
2026-09-01,Wet and Dry Personal Care Private Limited,0
2026-09-01,Woggles Distribution Private Limited,1
2026-09-01,ZATAGS LIFESTYLES PRIVATE LIMITED,2
2026-09-01,ZAYDN SNEAKERS PRIVATE LIMITED,1
2026-09-01,ZENMAY JAI SINGH NEGI,2
2026-09-01,ZIBBRI INDIA PRIVATE LIMITED,1
2026-09-01,ZYNTRIX LIFESTYLE LLP,19
2026-09-01,bachchaparty.in,1
2026-09-01,brillare science,1
2026-09-01,coral tree,1
2026-09-01,frogg international,1
2026-09-01,looploom,0
2026-09-01,medaayura foods pvt ltd,1
2026-09-01,nPure Life Science Pvt Ltd,1
2026-09-01,servdharm,2
2026-09-01,wanderlooms,1
2026-09-02,ABINITIO SOLUTIONS PRIVATE LIMITED,2
2026-09-02,ACWO LIFESTYLE PRIVATE LIMITED,1
2026-09-02,ADLT,2
2026-09-02,AELORIA TRILLION PARTNERS LLP,2
2026-09-02,AFTERTHOUGHT WELLNESS PRIVATE LIMITED,1
2026-09-02,AJAY HINGORANI,2
2026-09-02,AKHILESH ARUN UNDIRWADE,0
2026-09-02,ALMANDO CHOCOLATES AND CONFECTIONERY LLP,1
2026-09-02,ALPHAWALK SERVICES LLP,3
2026-09-02,AMAN KUMAR,33
2026-09-02,AMWOODO ECO PRODUCTS PRIVATE LIMITED,2
2026-09-02,ANSH SABHARWAL,30
2026-09-02,ANUPAMA BIO NATURALS PRIVATE LIMITED,0
2026-09-02,APIC Inc.,3
2026-09-02,ARTI KAPOOR,398
2026-09-02,ASQUARE FOOD & BEVERAGES PVT LTD,1397
2026-09-02,AURO FRUIT AND NUT PRIVATE LIMITED,1
2026-09-02,AYUMCURE HERBS PRIVATE LIMITED,0
2026-09-02,AZURETALE PRIVATE LIMITED,1
2026-09-02,Aabhar Ventures Private Limited,0
2026-09-02,Alluvium Retail LLP,5
2026-09-02,Amitva retail,5
2026-09-02,Anand gift emporium,0
2026-09-02,Anveya Living Pvt. Ltd.,0
2026-09-02,Ashok Batra,1
2026-09-02,Athena Home,0
2026-09-02,August Assortments Private Limited,0
2026-09-02,BEATFUS PRODUCTS PRIVATE LIMITED,3
2026-09-02,BEVZILLA PRIVATE LIMITED,0
2026-09-02,BIOEXICON LABS PRIVATE LIMITED,2
2026-09-02,BUILDOUT RETAIL PRIVATE LIMITED,2
2026-09-02,Banjaara,0
2026-09-02,Beaming Child,1
2026-09-02,BellOPages.com,2
2026-09-02,Belogical Wellness Private Limited,3
2026-09-02,Bigsmall gifts pvt mtd,1
2026-09-02,Blingbrands Private Limited,1
2026-09-02,Blissvive,0
2026-09-02,Boenjoy Gifts,1
2026-09-02,Bonneterre Foods Pvt Ltd,1
2026-09-02,Brantashop,0
2026-09-02,CAMPUSSUTRA RETAIL PRIVATE LIMITED,0
2026-09-02,Colosseum foods private limited,0
2026-09-02,DABSTER INTERNATIONAL PRIVATE LIMITED,7
2026-09-02,DAILY BOTANIX LLP,19
2026-09-02,DEALCLIQ TECHNOLOGY PRIVATE LIMITED,0
2026-09-02,DENZOUR NUTRITION PRIVATE LIMITED,0
2026-09-02,DHANTA WELLNESS PRIVATE LIMITED,3
2026-09-02,DINESH GOYAL,2
2026-09-02,DYNAMIC MARKETTING SOLUTION,75
2026-09-02,ELITE LIFESTYLE,3
2026-09-02,ERA Botanics,1
2026-09-02,ERD INFOTECH PRIVATE LIMITED,0
2026-09-02,EVOLVE SNACKS PRIVATE LIMITED,3
2026-09-02,EYEWEAR SOLUTIONS,2
2026-09-02,Ecofynd,0
2026-09-02,FONPECA PRODUCTS AND SERVICES PRIVATE LIMITED,2
2026-09-02,Farm Fresco,1
2026-09-02,FitFeast,0
2026-09-02,Flavour Sutra Private Limited,1
2026-09-02,GAVYAMART,1
2026-09-02,GEEKVERSE VENTURES LLP,2
2026-09-02,GEMIES CONSUMER PRIVATE LIMITED,3
2026-09-02,GLAM21 COSMETICS,1
2026-09-02,GO DESi MANDI PVT LTD,0
2026-09-02,GUARDIAN HEALTHCARE SERVICES PRIVATE LIMITED,0
2026-09-02,GUNIAA FASHIONS PVT LTD,3
2026-09-02,Geeklane.in,1
2026-09-02,Getsetwear Clothing,3
2026-09-02,Girveda,1
2026-09-02,Go5 Incorporation,68
2026-09-02,Goodveda Health Labs Pvt Ltd,1
2026-09-02,H K ENTERPRISES,0
2026-09-02,HALEWOOD LABORATORIES PRIVATE LIMITED,0
2026-09-02,HAMILTON SCIENCES PRIVATE LIMITED,1
2026-09-02,HASAN OUD,0
2026-09-02,HITESH JAIN,32
2026-09-02,HOUSE OF HIMALAYAS LIMITED,2
2026-09-02,HOUSE OF KIMTI CREATIONS PRIVATE LIMITED,1
2026-09-02,HYPERTEXT MARKETING PRIVATE LIMITED,0
2026-09-02,Hammer,3
2026-09-02,Health Star Naturals Pvt Ltd,1
2026-09-02,Health Veda Organics,0
2026-09-02,Herbal Mitra,1
2026-09-02,Hichkie,1
2026-09-02,IDAM NATURAL WELLNESS PRIVATE LIMITED,6
2026-09-02,INAARA WELLNESS PRIVATE LIMITED,3
2026-09-02,INLOOP STUDIO,1
2026-09-02,Imagine Marketing Limited.,4
2026-09-02,In鈥檒ief,1
2026-09-02,J3J ECOM PRIVATE LIMITED,0
2026-09-02,JAMSFA SOLUTIONS PRIVATE LIMITED,0
2026-09-02,JANESH AGRAWAL,0
2026-09-02,JUGAL KANT SHARMA,2
2026-09-02,KALAKARI FILM AWARDS & FESTIVAL PRIVATE LIMITED,16
2026-09-02,KITSTERS,1
2026-09-02,KUNSH COSMETICS,1
2026-09-02,Klean Gypsy,0
2026-09-02,L avenour Lifestyle Private Limited,1
2026-09-02,LOVE EARTH PVT LTD,0
2026-09-02,LUNAER WORLD PRIVATE LIMITED,0
2026-09-02,Lili Origin Private Limited,1
2026-09-02,Lujotrends pvt ltd,1
2026-09-02,MANJU KAMAL KISHOR GUPTA GUPTA,0
2026-09-02,MAYANK KWATRA,4
2026-09-02,MOUNTMILLER INDUSTRIES PRIVATE LIMITED,0
2026-09-02,MPG BRANDS PRIVATE LIMITED,2
2026-09-02,Mahera Ejaz Ali Bandaly,0
2026-09-02,Man-Solid by Eqraa Corporation LLP,1
2026-09-02,Medisure Inc.,1
2026-09-02,Minimalist,0
2026-09-02,NAM NAM,0
2026-09-02,NAMMA DABBA PRIVATE LIMITED,7
2026-09-02,NATURE MANIA INDIA PRIVATE LIMITED,1
2026-09-02,NILU'S COLLECTION FASHION PRIVATE LIMITED,1
2026-09-02,NINAD PRALHAD PEDNEKAR,1
2026-09-02,NISAR AHMED,2
2026-09-02,NOVATEOR RESEARCH LABORATORIES  LIMITED,2
2026-09-02,NUTS DELISH PRIVATE LIMITED,4
2026-09-02,NextGen Ecom Solutions,1
2026-09-02,Now You Know Private Limited,2
2026-09-02,Nuworld Retail Private Limited,5
2026-09-02,ONETAIL BRANDS TECHNOLOGIES PRIVATE LIMITED,54
2026-09-02,ORACURA SOLUTIONS PRIVATE LIMITED,2
2026-09-02,Order Status,22
2026-09-02,PALRED ELECTRONICS PRIVATE LIMITED,0
2026-09-02,PANDA,5
2026-09-02,PRAFFUL  BACHANI,0
2026-09-02,PRUSTLR FOODS PRIVATE LIMITED,2
2026-09-02,PT INVENT INIDA PRIVATE LIMITED,3
2026-09-02,PUJAN HARSHADBHAI DAVE,0
2026-09-02,PUREXA GLOBAL,0
2026-09-02,Panditata Research Technology,1
2026-09-02,Pangln Retail Private Limited,2
2026-09-02,Parista Foods,1
2026-09-02,Ph91 Consumer Goods India Pvt Ltd,1
2026-09-02,Poptopia Foods Private Ltd,1
2026-09-02,Prashant Panjwani,1
2026-09-02,PrimeChoice,2
2026-09-02,QUBO SMART LIVING PRIVATE LIMITED,2
2026-09-02,QUICKCOM SOLUTIONS PRIVATE LIMITED,6
2026-09-02,Quick_9810565049,1
2026-09-02,RAMAM GROUP,1
2026-09-02,RITI ARORA,460
2026-09-02,RX INFOTECH PRIVATE LIMITED,1
2026-09-02,Rawls Essential,1
2026-09-02,RedroomTechnology Private Limited,7
2026-09-02,Ren Lifestyle Solutions Pvt Ltd.,3
2026-09-02,Renu Kansal,2
2026-09-02,SADAWAY PRIVATE LIMITED,2
2026-09-02,SAITECH IT PRIVATE LIMITED,1
2026-09-02,SANATAN SANTARAM GUPTA,0
2026-09-02,SARDAR JI PAPAD WALE PRIVATE LIMITED,1
2026-09-02,SAVANI DAYABEN,4
2026-09-02,SELECT BRANDS INTERNATIONAL PRIVATE LIMITED,1
2026-09-02,SHIPROCKET MERCHANT APP PRIVATE LIMITED,0
2026-09-02,SHREE SURJAL MATA MARKETING PRIVATE LIMITED,0
2026-09-02,SIRONA HYGIENE PRIVATE LIMITED,1
2026-09-02,SIXTY9 SOLUTIONS PRIVATE LIMITED,1
2026-09-02,SNAXUP HEALTHY FOODS INDIA PVT LTD,0
2026-09-02,SUPER CLONE ENTERPRISES (OPC) PRIVATE LIMITED,56
2026-09-02,SURBHI  JAIN,0
2026-09-02,ShopeeQ.com,160
2026-09-02,Silver Leaf Tea Pvt. Ltd.,0
2026-09-02,Skate Supply India,0
2026-09-02,Sproutlife Foods Pvt ltd,19
2026-09-02,StarCap Wellness Private Limited,0
2026-09-02,Strong Choice,0
2026-09-02,Syama Crafts Pvt Ltd,0
2026-09-02,TEVOS PHARMACEUTICALS,6
2026-09-02,THE HATKE,0
2026-09-02,THE MIMEMA COMPANY,0
2026-09-02,TOM AND JERKY PRIVATE LIMITED,1
2026-09-02,TRU NATIVE F&B PRIVATE LIMITED,2
2026-09-02,Tempt Smart Private Limited,1
2026-09-02,The Snack Company,0
2026-09-02,Thiya Farms LLP,2
2026-09-02,Tinkerbell Magical Solution LLP,0
2026-09-02,UBON,18
2026-09-02,URBAN NUTRITION PRIVATE LIMITED,2
2026-09-02,Urban Essentials India Pvt Ltd,1
2026-09-02,Vamanand technokraft pvt ltd,1
2026-09-02,Visage lines Personal Care Pvt Ltd,182
2026-09-02,WAYVEDA INDIA PRIVATE LIMITED,0
2026-09-02,WILD CHILD ENTERPRISES PRIVATE LIMITED,1
2026-09-02,Wet and Dry Personal Care Private Limited,0
2026-09-02,Woggles Distribution Private Limited,3
2026-09-02,ZATAGS LIFESTYLES PRIVATE LIMITED,1
2026-09-02,ZAYDN SNEAKERS PRIVATE LIMITED,0
2026-09-02,ZENMAY JAI SINGH NEGI,0
2026-09-02,ZIBBRI INDIA PRIVATE LIMITED,5
2026-09-02,ZYNTRIX LIFESTYLE LLP,23
2026-09-02,bachchaparty.in,0
2026-09-02,brillare science,0
2026-09-02,coral tree,3
2026-09-02,frogg international,1
2026-09-02,looploom,0
2026-09-02,medaayura foods pvt ltd,0
2026-09-02,nPure Life Science Pvt Ltd,0
2026-09-02,servdharm,1
2026-09-02,wanderlooms,1
2026-09-03,ABINITIO SOLUTIONS PRIVATE LIMITED,1
2026-09-03,ACWO LIFESTYLE PRIVATE LIMITED,0
2026-09-03,ADLT,3
2026-09-03,AELORIA TRILLION PARTNERS LLP,0
2026-09-03,AFTERTHOUGHT WELLNESS PRIVATE LIMITED,1
2026-09-03,AJAY HINGORANI,0
2026-09-03,AKHILESH ARUN UNDIRWADE,0
2026-09-03,ALMANDO CHOCOLATES AND CONFECTIONERY LLP,3
2026-09-03,ALPHAWALK SERVICES LLP,4
2026-09-03,AMAN KUMAR,18
2026-09-03,AMWOODO ECO PRODUCTS PRIVATE LIMITED,0
2026-09-03,ANSH SABHARWAL,30
2026-09-03,ANUPAMA BIO NATURALS PRIVATE LIMITED,1
2026-09-03,APIC Inc.,1
2026-09-03,ARTI KAPOOR,407
2026-09-03,ASQUARE FOOD & BEVERAGES PVT LTD,1384
2026-09-03,AURO FRUIT AND NUT PRIVATE LIMITED,2
2026-09-03,AYUMCURE HERBS PRIVATE LIMITED,2
2026-09-03,AZURETALE PRIVATE LIMITED,2
2026-09-03,Aabhar Ventures Private Limited,2
2026-09-03,Alluvium Retail LLP,0
2026-09-03,Amitva retail,10
2026-09-03,Anand gift emporium,1
2026-09-03,Anveya Living Pvt. Ltd.,0
2026-09-03,Ashok Batra,0
2026-09-03,Athena Home,2
2026-09-03,August Assortments Private Limited,0
2026-09-03,BEATFUS PRODUCTS PRIVATE LIMITED,2
2026-09-03,BEVZILLA PRIVATE LIMITED,1
2026-09-03,BIOEXICON LABS PRIVATE LIMITED,1
2026-09-03,BUILDOUT RETAIL PRIVATE LIMITED,0
2026-09-03,Banjaara,0
2026-09-03,Beaming Child,0
2026-09-03,BellOPages.com,2
2026-09-03,Belogical Wellness Private Limited,2
2026-09-03,Bigsmall gifts pvt mtd,1
2026-09-03,Blingbrands Private Limited,1
2026-09-03,Blissvive,2
2026-09-03,Boenjoy Gifts,0
2026-09-03,Bonneterre Foods Pvt Ltd,1
2026-09-03,Brantashop,1
2026-09-03,CAMPUSSUTRA RETAIL PRIVATE LIMITED,2
2026-09-03,Colosseum foods private limited,1
2026-09-03,DABSTER INTERNATIONAL PRIVATE LIMITED,15
2026-09-03,DAILY BOTANIX LLP,6
2026-09-03,DEALCLIQ TECHNOLOGY PRIVATE LIMITED,1
2026-09-03,DENZOUR NUTRITION PRIVATE LIMITED,1
2026-09-03,DHANTA WELLNESS PRIVATE LIMITED,1
2026-09-03,DINESH GOYAL,2
2026-09-03,DYNAMIC MARKETTING SOLUTION,79
2026-09-03,ELITE LIFESTYLE,3
2026-09-03,ERA Botanics,0
2026-09-03,ERD INFOTECH PRIVATE LIMITED,1
2026-09-03,EVOLVE SNACKS PRIVATE LIMITED,2
2026-09-03,EYEWEAR SOLUTIONS,1
2026-09-03,Ecofynd,1
2026-09-03,FONPECA PRODUCTS AND SERVICES PRIVATE LIMITED,1
2026-09-03,Farm Fresco,3
2026-09-03,FitFeast,0
2026-09-03,Flavour Sutra Private Limited,2
2026-09-03,GAVYAMART,1
2026-09-03,GEEKVERSE VENTURES LLP,0
2026-09-03,GEMIES CONSUMER PRIVATE LIMITED,5
2026-09-03,GLAM21 COSMETICS,0
2026-09-03,GO DESi MANDI PVT LTD,2
2026-09-03,GUARDIAN HEALTHCARE SERVICES PRIVATE LIMITED,1
2026-09-03,GUNIAA FASHIONS PVT LTD,1
2026-09-03,Geeklane.in,0
2026-09-03,Getsetwear Clothing,1
2026-09-03,Girveda,0
2026-09-03,Go5 Incorporation,75
2026-09-03,Goodveda Health Labs Pvt Ltd,2
2026-09-03,H K ENTERPRISES,0
2026-09-03,HALEWOOD LABORATORIES PRIVATE LIMITED,3
2026-09-03,HAMILTON SCIENCES PRIVATE LIMITED,0
2026-09-03,HASAN OUD,1
2026-09-03,HITESH JAIN,29
2026-09-03,HOUSE OF HIMALAYAS LIMITED,2
2026-09-03,HOUSE OF KIMTI CREATIONS PRIVATE LIMITED,1
2026-09-03,HYPERTEXT MARKETING PRIVATE LIMITED,0
2026-09-03,Hammer,1
2026-09-03,Health Star Naturals Pvt Ltd,0
2026-09-03,Health Veda Organics,0
2026-09-03,Herbal Mitra,0
2026-09-03,Hichkie,1
2026-09-03,IDAM NATURAL WELLNESS PRIVATE LIMITED,3
2026-09-03,INAARA WELLNESS PRIVATE LIMITED,1
2026-09-03,INLOOP STUDIO,2
2026-09-03,Imagine Marketing Limited.,2
2026-09-03,In鈥檒ief,2
2026-09-03,J3J ECOM PRIVATE LIMITED,2
2026-09-03,JAMSFA SOLUTIONS PRIVATE LIMITED,0
2026-09-03,JANESH AGRAWAL,1
2026-09-03,JUGAL KANT SHARMA,1
2026-09-03,KALAKARI FILM AWARDS & FESTIVAL PRIVATE LIMITED,31
2026-09-03,KITSTERS,1
2026-09-03,KUNSH COSMETICS,0
2026-09-03,Klean Gypsy,1
2026-09-03,L avenour Lifestyle Private Limited,2
2026-09-03,LOVE EARTH PVT LTD,0
2026-09-03,LUNAER WORLD PRIVATE LIMITED,2
2026-09-03,Lili Origin Private Limited,0
2026-09-03,Lujotrends pvt ltd,2
2026-09-03,MANJU KAMAL KISHOR GUPTA GUPTA,1
2026-09-03,MAYANK KWATRA,2
2026-09-03,MOUNTMILLER INDUSTRIES PRIVATE LIMITED,1
2026-09-03,MPG BRANDS PRIVATE LIMITED,0
2026-09-03,Mahera Ejaz Ali Bandaly,0
2026-09-03,Man-Solid by Eqraa Corporation LLP,1
2026-09-03,Medisure Inc.,0
2026-09-03,Minimalist,2
2026-09-03,NAM NAM,0
2026-09-03,NAMMA DABBA PRIVATE LIMITED,18
2026-09-03,NATURE MANIA INDIA PRIVATE LIMITED,1
2026-09-03,NILU'S COLLECTION FASHION PRIVATE LIMITED,2
2026-09-03,NINAD PRALHAD PEDNEKAR,0
2026-09-03,NISAR AHMED,0
2026-09-03,NOVATEOR RESEARCH LABORATORIES  LIMITED,1
2026-09-03,NUTS DELISH PRIVATE LIMITED,5
2026-09-03,NextGen Ecom Solutions,1
2026-09-03,Now You Know Private Limited,3
2026-09-03,Nuworld Retail Private Limited,10
2026-09-03,ONETAIL BRANDS TECHNOLOGIES PRIVATE LIMITED,73
2026-09-03,ORACURA SOLUTIONS PRIVATE LIMITED,0
2026-09-03,Order Status,15
2026-09-03,PALRED ELECTRONICS PRIVATE LIMITED,3
2026-09-03,PANDA,9
2026-09-03,PRAFFUL  BACHANI,0
2026-09-03,PRUSTLR FOODS PRIVATE LIMITED,1
2026-09-03,PT INVENT INIDA PRIVATE LIMITED,0
2026-09-03,PUJAN HARSHADBHAI DAVE,2
2026-09-03,PUREXA GLOBAL,3
2026-09-03,Panditata Research Technology,0
2026-09-03,Pangln Retail Private Limited,2
2026-09-03,Parista Foods,1
2026-09-03,Ph91 Consumer Goods India Pvt Ltd,0
2026-09-03,Poptopia Foods Private Ltd,2
2026-09-03,Prashant Panjwani,2
2026-09-03,PrimeChoice,1
2026-09-03,QUBO SMART LIVING PRIVATE LIMITED,1
2026-09-03,QUICKCOM SOLUTIONS PRIVATE LIMITED,14
2026-09-03,Quick_9810565049,0
2026-09-03,RAMAM GROUP,2
2026-09-03,RITI ARORA,476
2026-09-03,RX INFOTECH PRIVATE LIMITED,1
2026-09-03,Rawls Essential,2
2026-09-03,RedroomTechnology Private Limited,2
2026-09-03,Ren Lifestyle Solutions Pvt Ltd.,1
2026-09-03,Renu Kansal,3
2026-09-03,SADAWAY PRIVATE LIMITED,1
2026-09-03,SAITECH IT PRIVATE LIMITED,1
2026-09-03,SANATAN SANTARAM GUPTA,0
2026-09-03,SARDAR JI PAPAD WALE PRIVATE LIMITED,0
2026-09-03,SAVANI DAYABEN,2
2026-09-03,SELECT BRANDS INTERNATIONAL PRIVATE LIMITED,4
2026-09-03,SHIPROCKET MERCHANT APP PRIVATE LIMITED,2
2026-09-03,SHREE SURJAL MATA MARKETING PRIVATE LIMITED,1
2026-09-03,SIRONA HYGIENE PRIVATE LIMITED,0
2026-09-03,SIXTY9 SOLUTIONS PRIVATE LIMITED,3
2026-09-03,SNAXUP HEALTHY FOODS INDIA PVT LTD,1
2026-09-03,SUPER CLONE ENTERPRISES (OPC) PRIVATE LIMITED,73
2026-09-03,SURBHI  JAIN,2
2026-09-03,ShopeeQ.com,145
2026-09-03,Silver Leaf Tea Pvt. Ltd.,2
2026-09-03,Skate Supply India,1
2026-09-03,Sproutlife Foods Pvt ltd,29
2026-09-03,StarCap Wellness Private Limited,0
2026-09-03,Strong Choice,0
2026-09-03,Syama Crafts Pvt Ltd,1
2026-09-03,TEVOS PHARMACEUTICALS,6
2026-09-03,THE HATKE,2
2026-09-03,THE MIMEMA COMPANY,3
2026-09-03,TOM AND JERKY PRIVATE LIMITED,1
2026-09-03,TRU NATIVE F&B PRIVATE LIMITED,0
2026-09-03,Tempt Smart Private Limited,1
2026-09-03,The Snack Company,0
2026-09-03,Thiya Farms LLP,1
2026-09-03,Tinkerbell Magical Solution LLP,2
2026-09-03,UBON,15
2026-09-03,URBAN NUTRITION PRIVATE LIMITED,1
2026-09-03,Urban Essentials India Pvt Ltd,3
2026-09-03,Vamanand technokraft pvt ltd,0
2026-09-03,Visage lines Personal Care Pvt Ltd,175
2026-09-03,WAYVEDA INDIA PRIVATE LIMITED,0
2026-09-03,WILD CHILD ENTERPRISES PRIVATE LIMITED,2
2026-09-03,Wet and Dry Personal Care Private Limited,1
2026-09-03,Woggles Distribution Private Limited,4
2026-09-03,ZATAGS LIFESTYLES PRIVATE LIMITED,0
2026-09-03,ZAYDN SNEAKERS PRIVATE LIMITED,0
2026-09-03,ZENMAY JAI SINGH NEGI,2
2026-09-03,ZIBBRI INDIA PRIVATE LIMITED,2
2026-09-03,ZYNTRIX LIFESTYLE LLP,20
2026-09-03,bachchaparty.in,1
2026-09-03,brillare science,0
2026-09-03,coral tree,1
2026-09-03,frogg international,1
2026-09-03,looploom,0
2026-09-03,medaayura foods pvt ltd,1
2026-09-03,nPure Life Science Pvt Ltd,3
2026-09-03,servdharm,1
2026-09-03,wanderlooms,0
2026-09-04,ABINITIO SOLUTIONS PRIVATE LIMITED,1
2026-09-04,ACWO LIFESTYLE PRIVATE LIMITED,1
2026-09-04,ADLT,3
2026-09-04,AELORIA TRILLION PARTNERS LLP,0
2026-09-04,AFTERTHOUGHT WELLNESS PRIVATE LIMITED,3
2026-09-04,AJAY HINGORANI,2
2026-09-04,AKHILESH ARUN UNDIRWADE,0
2026-09-04,ALMANDO CHOCOLATES AND CONFECTIONERY LLP,3
2026-09-04,ALPHAWALK SERVICES LLP,7
2026-09-04,AMAN KUMAR,24
2026-09-04,AMWOODO ECO PRODUCTS PRIVATE LIMITED,2
2026-09-04,ANSH SABHARWAL,30
2026-09-04,ANUPAMA BIO NATURALS PRIVATE LIMITED,0
2026-09-04,APIC Inc.,3
2026-09-04,ARTI KAPOOR,388
2026-09-04,ASQUARE FOOD & BEVERAGES PVT LTD,1372
2026-09-04,AURO FRUIT AND NUT PRIVATE LIMITED,1
2026-09-04,AYUMCURE HERBS PRIVATE LIMITED,0
2026-09-04,AZURETALE PRIVATE LIMITED,2
2026-09-04,Aabhar Ventures Private Limited,2
2026-09-04,Alluvium Retail LLP,1
2026-09-04,Amitva retail,5
2026-09-04,Anand gift emporium,0
2026-09-04,Anveya Living Pvt. Ltd.,1
2026-09-04,Ashok Batra,0
2026-09-04,Athena Home,0
2026-09-04,August Assortments Private Limited,1
2026-09-04,BEATFUS PRODUCTS PRIVATE LIMITED,4
2026-09-04,BEVZILLA PRIVATE LIMITED,3
2026-09-04,BIOEXICON LABS PRIVATE LIMITED,3
2026-09-04,BUILDOUT RETAIL PRIVATE LIMITED,0
2026-09-04,Banjaara,0
2026-09-04,Beaming Child,1
2026-09-04,BellOPages.com,1
2026-09-04,Belogical Wellness Private Limited,2
2026-09-04,Bigsmall gifts pvt mtd,0
2026-09-04,Blingbrands Private Limited,5
2026-09-04,Blissvive,1
2026-09-04,Boenjoy Gifts,2
2026-09-04,Bonneterre Foods Pvt Ltd,1
2026-09-04,Brantashop,0
2026-09-04,CAMPUSSUTRA RETAIL PRIVATE LIMITED,0
2026-09-04,Colosseum foods private limited,0
2026-09-04,DABSTER INTERNATIONAL PRIVATE LIMITED,12
2026-09-04,DAILY BOTANIX LLP,11
2026-09-04,DEALCLIQ TECHNOLOGY PRIVATE LIMITED,2
2026-09-04,DENZOUR NUTRITION PRIVATE LIMITED,0
2026-09-04,DHANTA WELLNESS PRIVATE LIMITED,2
2026-09-04,DINESH GOYAL,1
2026-09-04,DYNAMIC MARKETTING SOLUTION,87
2026-09-04,ELITE LIFESTYLE,0
2026-09-04,ERA Botanics,1
2026-09-04,ERD INFOTECH PRIVATE LIMITED,4
2026-09-04,EVOLVE SNACKS PRIVATE LIMITED,2
2026-09-04,EYEWEAR SOLUTIONS,2
2026-09-04,Ecofynd,1
2026-09-04,FONPECA PRODUCTS AND SERVICES PRIVATE LIMITED,0
2026-09-04,Farm Fresco,1
2026-09-04,FitFeast,3
2026-09-04,Flavour Sutra Private Limited,0
2026-09-04,GAVYAMART,0
2026-09-04,GEEKVERSE VENTURES LLP,0
2026-09-04,GEMIES CONSUMER PRIVATE LIMITED,4
2026-09-04,GLAM21 COSMETICS,0
2026-09-04,GO DESi MANDI PVT LTD,0
2026-09-04,GUARDIAN HEALTHCARE SERVICES PRIVATE LIMITED,2
2026-09-04,GUNIAA FASHIONS PVT LTD,3
2026-09-04,Geeklane.in,0
2026-09-04,Getsetwear Clothing,1
2026-09-04,Girveda,2
2026-09-04,Go5 Incorporation,74
2026-09-04,Goodveda Health Labs Pvt Ltd,3
2026-09-04,H K ENTERPRISES,1
2026-09-04,HALEWOOD LABORATORIES PRIVATE LIMITED,0
2026-09-04,HAMILTON SCIENCES PRIVATE LIMITED,0
2026-09-04,HASAN OUD,1
2026-09-04,HITESH JAIN,34
2026-09-04,HOUSE OF HIMALAYAS LIMITED,2
2026-09-04,HOUSE OF KIMTI CREATIONS PRIVATE LIMITED,2
2026-09-04,HYPERTEXT MARKETING PRIVATE LIMITED,0
2026-09-04,Hammer,5
2026-09-04,Health Star Naturals Pvt Ltd,1
2026-09-04,Health Veda Organics,1
2026-09-04,Herbal Mitra,2
2026-09-04,Hichkie,1
2026-09-04,IDAM NATURAL WELLNESS PRIVATE LIMITED,5
2026-09-04,INAARA WELLNESS PRIVATE LIMITED,2
2026-09-04,INLOOP STUDIO,0
2026-09-04,Imagine Marketing Limited.,3
2026-09-04,In鈥檒ief,2
2026-09-04,J3J ECOM PRIVATE LIMITED,2
2026-09-04,JAMSFA SOLUTIONS PRIVATE LIMITED,1
2026-09-04,JANESH AGRAWAL,3
2026-09-04,JUGAL KANT SHARMA,2
2026-09-04,KALAKARI FILM AWARDS & FESTIVAL PRIVATE LIMITED,23
2026-09-04,KITSTERS,3
2026-09-04,KUNSH COSMETICS,1
2026-09-04,Klean Gypsy,1
2026-09-04,L avenour Lifestyle Private Limited,0
2026-09-04,LOVE EARTH PVT LTD,2
2026-09-04,LUNAER WORLD PRIVATE LIMITED,1
2026-09-04,Lili Origin Private Limited,3
2026-09-04,Lujotrends pvt ltd,0
2026-09-04,MANJU KAMAL KISHOR GUPTA GUPTA,0
2026-09-04,MAYANK KWATRA,1
2026-09-04,MOUNTMILLER INDUSTRIES PRIVATE LIMITED,0
2026-09-04,MPG BRANDS PRIVATE LIMITED,1
2026-09-04,Mahera Ejaz Ali Bandaly,0
2026-09-04,Man-Solid by Eqraa Corporation LLP,3
2026-09-04,Medisure Inc.,2
2026-09-04,Minimalist,2
2026-09-04,NAM NAM,1
2026-09-04,NAMMA DABBA PRIVATE LIMITED,24
2026-09-04,NATURE MANIA INDIA PRIVATE LIMITED,0
2026-09-04,NILU'S COLLECTION FASHION PRIVATE LIMITED,0
2026-09-04,NINAD PRALHAD PEDNEKAR,1
2026-09-04,NISAR AHMED,2
2026-09-04,NOVATEOR RESEARCH LABORATORIES  LIMITED,1
2026-09-04,NUTS DELISH PRIVATE LIMITED,3
2026-09-04,NextGen Ecom Solutions,1
2026-09-04,Now You Know Private Limited,1
2026-09-04,Nuworld Retail Private Limited,9
2026-09-04,ONETAIL BRANDS TECHNOLOGIES PRIVATE LIMITED,55
2026-09-04,ORACURA SOLUTIONS PRIVATE LIMITED,1
2026-09-04,Order Status,20
2026-09-04,PALRED ELECTRONICS PRIVATE LIMITED,1
2026-09-04,PANDA,14
2026-09-04,PRAFFUL  BACHANI,0
2026-09-04,PRUSTLR FOODS PRIVATE LIMITED,0
2026-09-04,PT INVENT INIDA PRIVATE LIMITED,0
2026-09-04,PUJAN HARSHADBHAI DAVE,0
2026-09-04,PUREXA GLOBAL,1
2026-09-04,Panditata Research Technology,1
2026-09-04,Pangln Retail Private Limited,1
2026-09-04,Parista Foods,1
2026-09-04,Ph91 Consumer Goods India Pvt Ltd,1
2026-09-04,Poptopia Foods Private Ltd,1
2026-09-04,Prashant Panjwani,1
2026-09-04,PrimeChoice,2
2026-09-04,QUBO SMART LIVING PRIVATE LIMITED,2
2026-09-04,QUICKCOM SOLUTIONS PRIVATE LIMITED,13
2026-09-04,Quick_9810565049,4
2026-09-04,RAMAM GROUP,0
2026-09-04,RITI ARORA,469
2026-09-04,RX INFOTECH PRIVATE LIMITED,1
2026-09-04,Rawls Essential,1
2026-09-04,RedroomTechnology Private Limited,3
2026-09-04,Ren Lifestyle Solutions Pvt Ltd.,0
2026-09-04,Renu Kansal,5
2026-09-04,SADAWAY PRIVATE LIMITED,0
2026-09-04,SAITECH IT PRIVATE LIMITED,0
2026-09-04,SANATAN SANTARAM GUPTA,1
2026-09-04,SARDAR JI PAPAD WALE PRIVATE LIMITED,0
2026-09-04,SAVANI DAYABEN,2
2026-09-04,SELECT BRANDS INTERNATIONAL PRIVATE LIMITED,1
2026-09-04,SHIPROCKET MERCHANT APP PRIVATE LIMITED,1
2026-09-04,SHREE SURJAL MATA MARKETING PRIVATE LIMITED,1
2026-09-04,SIRONA HYGIENE PRIVATE LIMITED,2
2026-09-04,SIXTY9 SOLUTIONS PRIVATE LIMITED,0
2026-09-04,SNAXUP HEALTHY FOODS INDIA PVT LTD,2
2026-09-04,SUPER CLONE ENTERPRISES (OPC) PRIVATE LIMITED,54
2026-09-04,SURBHI  JAIN,3
2026-09-04,ShopeeQ.com,152
2026-09-04,Silver Leaf Tea Pvt. Ltd.,0
2026-09-04,Skate Supply India,0
2026-09-04,Sproutlife Foods Pvt ltd,20
2026-09-04,StarCap Wellness Private Limited,1
2026-09-04,Strong Choice,3
2026-09-04,Syama Crafts Pvt Ltd,0
2026-09-04,TEVOS PHARMACEUTICALS,1
2026-09-04,THE HATKE,0
2026-09-04,THE MIMEMA COMPANY,0
2026-09-04,TOM AND JERKY PRIVATE LIMITED,0
2026-09-04,TRU NATIVE F&B PRIVATE LIMITED,1
2026-09-04,Tempt Smart Private Limited,2
2026-09-04,The Snack Company,0
2026-09-04,Thiya Farms LLP,1
2026-09-04,Tinkerbell Magical Solution LLP,2
2026-09-04,UBON,20
2026-09-04,URBAN NUTRITION PRIVATE LIMITED,2
2026-09-04,Urban Essentials India Pvt Ltd,1
2026-09-04,Vamanand technokraft pvt ltd,0
2026-09-04,Visage lines Personal Care Pvt Ltd,202
2026-09-04,WAYVEDA INDIA PRIVATE LIMITED,2
2026-09-04,WILD CHILD ENTERPRISES PRIVATE LIMITED,1
2026-09-04,Wet and Dry Personal Care Private Limited,2
2026-09-04,Woggles Distribution Private Limited,0
2026-09-04,ZATAGS LIFESTYLES PRIVATE LIMITED,0
2026-09-04,ZAYDN SNEAKERS PRIVATE LIMITED,2
2026-09-04,ZENMAY JAI SINGH NEGI,2
2026-09-04,ZIBBRI INDIA PRIVATE LIMITED,4
2026-09-04,ZYNTRIX LIFESTYLE LLP,17
2026-09-04,bachchaparty.in,1
2026-09-04,brillare science,0
2026-09-04,coral tree,2
2026-09-04,frogg international,0
2026-09-04,looploom,3
2026-09-04,medaayura foods pvt ltd,2
2026-09-04,nPure Life Science Pvt Ltd,2
2026-09-04,servdharm,0
2026-09-04,wanderlooms,1
2026-09-05,ABINITIO SOLUTIONS PRIVATE LIMITED,0
2026-09-05,ACWO LIFESTYLE PRIVATE LIMITED,0
2026-09-05,ADLT,1
2026-09-05,AELORIA TRILLION PARTNERS LLP,1
2026-09-05,AFTERTHOUGHT WELLNESS PRIVATE LIMITED,0
2026-09-05,AJAY HINGORANI,1
2026-09-05,AKHILESH ARUN UNDIRWADE,1
2026-09-05,ALMANDO CHOCOLATES AND CONFECTIONERY LLP,0
2026-09-05,ALPHAWALK SERVICES LLP,5
2026-09-05,AMAN KUMAR,31
2026-09-05,AMWOODO ECO PRODUCTS PRIVATE LIMITED,1
2026-09-05,ANSH SABHARWAL,36
2026-09-05,ANUPAMA BIO NATURALS PRIVATE LIMITED,2
2026-09-05,APIC Inc.,2
2026-09-05,ARTI KAPOOR,428
2026-09-05,ASQUARE FOOD & BEVERAGES PVT LTD,1281
2026-09-05,AURO FRUIT AND NUT PRIVATE LIMITED,1
2026-09-05,AYUMCURE HERBS PRIVATE LIMITED,0
2026-09-05,AZURETALE PRIVATE LIMITED,1
2026-09-05,Aabhar Ventures Private Limited,2
2026-09-05,Alluvium Retail LLP,2
2026-09-05,Amitva retail,3
2026-09-05,Anand gift emporium,1
2026-09-05,Anveya Living Pvt. Ltd.,2
2026-09-05,Ashok Batra,1
2026-09-05,Athena Home,2
2026-09-05,August Assortments Private Limited,0
2026-09-05,BEATFUS PRODUCTS PRIVATE LIMITED,4
2026-09-05,BEVZILLA PRIVATE LIMITED,0
2026-09-05,BIOEXICON LABS PRIVATE LIMITED,0
2026-09-05,BUILDOUT RETAIL PRIVATE LIMITED,1
2026-09-05,Banjaara,1
2026-09-05,Beaming Child,1
2026-09-05,BellOPages.com,0
2026-09-05,Belogical Wellness Private Limited,0
2026-09-05,Bigsmall gifts pvt mtd,1
2026-09-05,Blingbrands Private Limited,0
2026-09-05,Blissvive,2
2026-09-05,Boenjoy Gifts,1
2026-09-05,Bonneterre Foods Pvt Ltd,0
2026-09-05,Brantashop,1
2026-09-05,CAMPUSSUTRA RETAIL PRIVATE LIMITED,0
2026-09-05,Colosseum foods private limited,1
2026-09-05,DABSTER INTERNATIONAL PRIVATE LIMITED,12
2026-09-05,DAILY BOTANIX LLP,5
2026-09-05,DEALCLIQ TECHNOLOGY PRIVATE LIMITED,0
2026-09-05,DENZOUR NUTRITION PRIVATE LIMITED,0
2026-09-05,DHANTA WELLNESS PRIVATE LIMITED,0
2026-09-05,DINESH GOYAL,1
2026-09-05,DYNAMIC MARKETTING SOLUTION,86
2026-09-05,ELITE LIFESTYLE,0
2026-09-05,ERA Botanics,0
2026-09-05,ERD INFOTECH PRIVATE LIMITED,0
2026-09-05,EVOLVE SNACKS PRIVATE LIMITED,3
2026-09-05,EYEWEAR SOLUTIONS,1
2026-09-05,Ecofynd,4
2026-09-05,FONPECA PRODUCTS AND SERVICES PRIVATE LIMITED,2
2026-09-05,Farm Fresco,1
2026-09-05,FitFeast,2
2026-09-05,Flavour Sutra Private Limited,1
2026-09-05,GAVYAMART,3
2026-09-05,GEEKVERSE VENTURES LLP,0
2026-09-05,GEMIES CONSUMER PRIVATE LIMITED,2
2026-09-05,GLAM21 COSMETICS,1
2026-09-05,GO DESi MANDI PVT LTD,1
2026-09-05,GUARDIAN HEALTHCARE SERVICES PRIVATE LIMITED,1
2026-09-05,GUNIAA FASHIONS PVT LTD,2
2026-09-05,Geeklane.in,1
2026-09-05,Getsetwear Clothing,0
2026-09-05,Girveda,1
2026-09-05,Go5 Incorporation,64
2026-09-05,Goodveda Health Labs Pvt Ltd,2
2026-09-05,H K ENTERPRISES,4
2026-09-05,HALEWOOD LABORATORIES PRIVATE LIMITED,1
2026-09-05,HAMILTON SCIENCES PRIVATE LIMITED,2
2026-09-05,HASAN OUD,1
2026-09-05,HITESH JAIN,34
2026-09-05,HOUSE OF HIMALAYAS LIMITED,0
2026-09-05,HOUSE OF KIMTI CREATIONS PRIVATE LIMITED,2
2026-09-05,HYPERTEXT MARKETING PRIVATE LIMITED,1
2026-09-05,Hammer,1
2026-09-05,Health Star Naturals Pvt Ltd,2
2026-09-05,Health Veda Organics,0
2026-09-05,Herbal Mitra,2
2026-09-05,Hichkie,0
2026-09-05,IDAM NATURAL WELLNESS PRIVATE LIMITED,2
2026-09-05,INAARA WELLNESS PRIVATE LIMITED,3
2026-09-05,INLOOP STUDIO,0
2026-09-05,Imagine Marketing Limited.,4
2026-09-05,In鈥檒ief,1
2026-09-05,J3J ECOM PRIVATE LIMITED,1
2026-09-05,JAMSFA SOLUTIONS PRIVATE LIMITED,1
2026-09-05,JANESH AGRAWAL,0
2026-09-05,JUGAL KANT SHARMA,2
2026-09-05,KALAKARI FILM AWARDS & FESTIVAL PRIVATE LIMITED,20
2026-09-05,KITSTERS,1
2026-09-05,KUNSH COSMETICS,0
2026-09-05,Klean Gypsy,0
2026-09-05,L avenour Lifestyle Private Limited,1
2026-09-05,LOVE EARTH PVT LTD,1
2026-09-05,LUNAER WORLD PRIVATE LIMITED,1
2026-09-05,Lili Origin Private Limited,1
2026-09-05,Lujotrends pvt ltd,2
2026-09-05,MANJU KAMAL KISHOR GUPTA GUPTA,2
2026-09-05,MAYANK KWATRA,3
2026-09-05,MOUNTMILLER INDUSTRIES PRIVATE LIMITED,2
2026-09-05,MPG BRANDS PRIVATE LIMITED,0
2026-09-05,Mahera Ejaz Ali Bandaly,1
2026-09-05,Man-Solid by Eqraa Corporation LLP,2
2026-09-05,Medisure Inc.,2
2026-09-05,Minimalist,3
2026-09-05,NAM NAM,1
2026-09-05,NAMMA DABBA PRIVATE LIMITED,25
2026-09-05,NATURE MANIA INDIA PRIVATE LIMITED,1
2026-09-05,NILU'S COLLECTION FASHION PRIVATE LIMITED,0
2026-09-05,NINAD PRALHAD PEDNEKAR,1
2026-09-05,NISAR AHMED,0
2026-09-05,NOVATEOR RESEARCH LABORATORIES  LIMITED,2
2026-09-05,NUTS DELISH PRIVATE LIMITED,3
2026-09-05,NextGen Ecom Solutions,0
2026-09-05,Now You Know Private Limited,0
2026-09-05,Nuworld Retail Private Limited,3
2026-09-05,ONETAIL BRANDS TECHNOLOGIES PRIVATE LIMITED,69
2026-09-05,ORACURA SOLUTIONS PRIVATE LIMITED,1
2026-09-05,Order Status,14
2026-09-05,PALRED ELECTRONICS PRIVATE LIMITED,1
2026-09-05,PANDA,8
2026-09-05,PRAFFUL  BACHANI,2
2026-09-05,PRUSTLR FOODS PRIVATE LIMITED,0
2026-09-05,PT INVENT INIDA PRIVATE LIMITED,1
2026-09-05,PUJAN HARSHADBHAI DAVE,0
2026-09-05,PUREXA GLOBAL,1
2026-09-05,Panditata Research Technology,0
2026-09-05,Pangln Retail Private Limited,1
2026-09-05,Parista Foods,1
2026-09-05,Ph91 Consumer Goods India Pvt Ltd,1
2026-09-05,Poptopia Foods Private Ltd,1
2026-09-05,Prashant Panjwani,1
2026-09-05,PrimeChoice,1
2026-09-05,QUBO SMART LIVING PRIVATE LIMITED,0
2026-09-05,QUICKCOM SOLUTIONS PRIVATE LIMITED,7
2026-09-05,Quick_9810565049,0
2026-09-05,RAMAM GROUP,0
2026-09-05,RITI ARORA,507
2026-09-05,RX INFOTECH PRIVATE LIMITED,1
2026-09-05,Rawls Essential,2
2026-09-05,RedroomTechnology Private Limited,3
2026-09-05,Ren Lifestyle Solutions Pvt Ltd.,2
2026-09-05,Renu Kansal,3
2026-09-05,SADAWAY PRIVATE LIMITED,1
2026-09-05,SAITECH IT PRIVATE LIMITED,0
2026-09-05,SANATAN SANTARAM GUPTA,0
2026-09-05,SARDAR JI PAPAD WALE PRIVATE LIMITED,0
2026-09-05,SAVANI DAYABEN,4
2026-09-05,SELECT BRANDS INTERNATIONAL PRIVATE LIMITED,2
2026-09-05,SHIPROCKET MERCHANT APP PRIVATE LIMITED,0
2026-09-05,SHREE SURJAL MATA MARKETING PRIVATE LIMITED,0
2026-09-05,SIRONA HYGIENE PRIVATE LIMITED,0
2026-09-05,SIXTY9 SOLUTIONS PRIVATE LIMITED,2
2026-09-05,SNAXUP HEALTHY FOODS INDIA PVT LTD,1
2026-09-05,SUPER CLONE ENTERPRISES (OPC) PRIVATE LIMITED,63
2026-09-05,SURBHI  JAIN,0
2026-09-05,ShopeeQ.com,147
2026-09-05,Silver Leaf Tea Pvt. Ltd.,1
2026-09-05,Skate Supply India,4
2026-09-05,Sproutlife Foods Pvt ltd,18
2026-09-05,StarCap Wellness Private Limited,0
2026-09-05,Strong Choice,3
2026-09-05,Syama Crafts Pvt Ltd,1
2026-09-05,TEVOS PHARMACEUTICALS,0
2026-09-05,THE HATKE,0
2026-09-05,THE MIMEMA COMPANY,1
2026-09-05,TOM AND JERKY PRIVATE LIMITED,1
2026-09-05,TRU NATIVE F&B PRIVATE LIMITED,0
2026-09-05,Tempt Smart Private Limited,1
2026-09-05,The Snack Company,2
2026-09-05,Thiya Farms LLP,2
2026-09-05,Tinkerbell Magical Solution LLP,2
2026-09-05,UBON,17
2026-09-05,URBAN NUTRITION PRIVATE LIMITED,3
2026-09-05,Urban Essentials India Pvt Ltd,2
2026-09-05,Vamanand technokraft pvt ltd,0
2026-09-05,Visage lines Personal Care Pvt Ltd,193
2026-09-05,WAYVEDA INDIA PRIVATE LIMITED,1
2026-09-05,WILD CHILD ENTERPRISES PRIVATE LIMITED,1
2026-09-05,Wet and Dry Personal Care Private Limited,2
2026-09-05,Woggles Distribution Private Limited,2
2026-09-05,ZATAGS LIFESTYLES PRIVATE LIMITED,1
2026-09-05,ZAYDN SNEAKERS PRIVATE LIMITED,0
2026-09-05,ZENMAY JAI SINGH NEGI,1
2026-09-05,ZIBBRI INDIA PRIVATE LIMITED,2
2026-09-05,ZYNTRIX LIFESTYLE LLP,24
2026-09-05,bachchaparty.in,2
2026-09-05,brillare science,1
2026-09-05,coral tree,3
2026-09-05,frogg international,1
2026-09-05,looploom,0
2026-09-05,medaayura foods pvt ltd,0
2026-09-05,nPure Life Science Pvt Ltd,2
2026-09-05,servdharm,0
2026-09-05,wanderlooms,0
